Barcode,@image,Serial
9802087276135925,C:\Users\Puppet Master\VSCODE\RoxyBarcodeGen\TargetFolder\TestName_1.png,1427
9802068724245722,C:\Users\Puppet Master\VSCODE\RoxyBarcodeGen\TargetFolder\TestName_2.png,1428
9802059602086445,C:\Users\Puppet Master\VSCODE\RoxyBarcodeGen\TargetFolder\TestName_3.png,1429
9802006627124180,C:\Users\Puppet Master\VSCODE\RoxyBarcodeGen\TargetFolder\TestName_4.png,1430
9802015190315158,C:\Users\Puppet Master\VSCODE\RoxyBarcodeGen\TargetFolder\TestName_5.png,1431
9802027163263059,C:\Users\Puppet Master\VSCODE\RoxyBarcodeGen\TargetFolder\TestName_6.png,1432
9802051798748987,C:\Users\Puppet Master\VSCODE\RoxyBarcodeGen\TargetFolder\TestName_7.png,1433
9802070608237189,C:\Users\Puppet Master\VSCODE\RoxyBarcodeGen\TargetFolder\TestName_8.png,1434
9802003380933618,C:\Users\Puppet Master\VSCODE\RoxyBarcodeGen\TargetFolder\TestName_9.png,1435
9802084232064208,C:\Users\Puppet Master\VSCODE\RoxyBarcodeGen\TargetFolder\TestName_10.png,1436
9802049792608314,C:\Users\Puppet Master\VSCODE\RoxyBarcodeGen\TargetFolder\TestName_11.png,1437
9802067734872475,C:\Users\Puppet Master\VSCODE\RoxyBarcodeGen\TargetFolder\TestName_12.png,1438
9802041432586299,C:\Users\Puppet Master\VSCODE\RoxyBarcodeGen\TargetFolder\TestName_13.png,1439
9802045100074488,C:\Users\Puppet Master\VSCODE\RoxyBarcodeGen\TargetFolder\TestName_14.png,1440
9802077564104485,C:\Users\Puppet Master\VSCODE\RoxyBarcodeGen\TargetFolder\TestName_15.png,1441
9802029001788321,C:\Users\Puppet Master\VSCODE\RoxyBarcodeGen\TargetFolder\TestName_16.png,1442
9802009611341877,C:\Users\Puppet Master\VSCODE\RoxyBarcodeGen\TargetFolder\TestName_17.png,1443
9802041429365665,C:\Users\Puppet Master\VSCODE\RoxyBarcodeGen\TargetFolder\TestName_18.png,1444
9802040638016788,C:\Users\Puppet Master\VSCODE\RoxyBarcodeGen\TargetFolder\TestName_19.png,1445
9802006256334209,C:\Users\Puppet Master\VSCODE\RoxyBarcodeGen\TargetFolder\TestName_20.png,1446
9802077439590124,C:\Users\Puppet Master\VSCODE\RoxyBarcodeGen\TargetFolder\TestName_21.png,1447
9802066987603579,C:\Users\Puppet Master\VSCODE\RoxyBarcodeGen\TargetFolder\TestName_22.png,1448
9802083833436377,C:\Users\Puppet Master\VSCODE\RoxyBarcodeGen\TargetFolder\TestName_23.png,1449
9802034774467681,C:\Users\Puppet Master\VSCODE\RoxyBarcodeGen\TargetFolder\TestName_24.png,1450
9802055761415441,C:\Users\Puppet Master\VSCODE\RoxyBarcodeGen\TargetFolder\TestName_25.png,1451
9802018118529272,C:\Users\Puppet Master\VSCODE\RoxyBarcodeGen\TargetFolder\TestName_26.png,1452
9802088665519539,C:\Users\Puppet Master\VSCODE\RoxyBarcodeGen\TargetFolder\TestName_27.png,1453
9802069859429339,C:\Users\Puppet Master\VSCODE\RoxyBarcodeGen\TargetFolder\TestName_28.png,1454
9802047529222367,C:\Users\Puppet Master\VSCODE\RoxyBarcodeGen\TargetFolder\TestName_29.png,1455
9802017808805570,C:\Users\Puppet Master\VSCODE\RoxyBarcodeGen\TargetFolder\TestName_30.png,1456
9802068440469192,C:\Users\Puppet Master\VSCODE\RoxyBarcodeGen\TargetFolder\TestName_31.png,1457
9802036645609334,C:\Users\Puppet Master\VSCODE\RoxyBarcodeGen\TargetFolder\TestName_32.png,1458
9802001401606189,C:\Users\Puppet Master\VSCODE\RoxyBarcodeGen\TargetFolder\TestName_33.png,1459
9802076204310197,C:\Users\Puppet Master\VSCODE\RoxyBarcodeGen\TargetFolder\TestName_34.png,1460
9802030883445428,C:\Users\Puppet Master\VSCODE\RoxyBarcodeGen\TargetFolder\TestName_35.png,1461
9802097386969923,C:\Users\Puppet Master\VSCODE\RoxyBarcodeGen\TargetFolder\TestName_36.png,1462
9802081679601757,C:\Users\Puppet Master\VSCODE\RoxyBarcodeGen\TargetFolder\TestName_37.png,1463
9802063926050475,C:\Users\Puppet Master\VSCODE\RoxyBarcodeGen\TargetFolder\TestName_38.png,1464
9802017061957084,C:\Users\Puppet Master\VSCODE\RoxyBarcodeGen\TargetFolder\TestName_39.png,1465
9802063266608122,C:\Users\Puppet Master\VSCODE\RoxyBarcodeGen\TargetFolder\TestName_40.png,1466
9802019713270189,C:\Users\Puppet Master\VSCODE\RoxyBarcodeGen\TargetFolder\TestName_41.png,1467
9802087628540749,C:\Users\Puppet Master\VSCODE\RoxyBarcodeGen\TargetFolder\TestName_42.png,1468
9802096476238603,C:\Users\Puppet Master\VSCODE\RoxyBarcodeGen\TargetFolder\TestName_43.png,1469
9802015194221311,C:\Users\Puppet Master\VSCODE\RoxyBarcodeGen\TargetFolder\TestName_44.png,1470
9802035516058936,C:\Users\Puppet Master\VSCODE\RoxyBarcodeGen\TargetFolder\TestName_45.png,1471
9802063753493491,C:\Users\Puppet Master\VSCODE\RoxyBarcodeGen\TargetFolder\TestName_46.png,1472
9802096912871330,C:\Users\Puppet Master\VSCODE\RoxyBarcodeGen\TargetFolder\TestName_47.png,1473
9802083121924381,C:\Users\Puppet Master\VSCODE\RoxyBarcodeGen\TargetFolder\TestName_48.png,1474
9802015475261978,C:\Users\Puppet Master\VSCODE\RoxyBarcodeGen\TargetFolder\TestName_49.png,1475
9802079580612137,C:\Users\Puppet Master\VSCODE\RoxyBarcodeGen\TargetFolder\TestName_50.png,1476
9802048402565708,C:\Users\Puppet Master\VSCODE\RoxyBarcodeGen\TargetFolder\TestName_51.png,1477
9802094658136091,C:\Users\Puppet Master\VSCODE\RoxyBarcodeGen\TargetFolder\TestName_52.png,1478
9802040367701568,C:\Users\Puppet Master\VSCODE\RoxyBarcodeGen\TargetFolder\TestName_53.png,1479
9802065927507023,C:\Users\Puppet Master\VSCODE\RoxyBarcodeGen\TargetFolder\TestName_54.png,1480
9802021263582039,C:\Users\Puppet Master\VSCODE\RoxyBarcodeGen\TargetFolder\TestName_55.png,1481
9802041791663259,C:\Users\Puppet Master\VSCODE\RoxyBarcodeGen\TargetFolder\TestName_56.png,1482
9802083202153363,C:\Users\Puppet Master\VSCODE\RoxyBarcodeGen\TargetFolder\TestName_57.png,1483
9802060893419675,C:\Users\Puppet Master\VSCODE\RoxyBarcodeGen\TargetFolder\TestName_58.png,1484
9802030604588688,C:\Users\Puppet Master\VSCODE\RoxyBarcodeGen\TargetFolder\TestName_59.png,1485
9802081013739883,C:\Users\Puppet Master\VSCODE\RoxyBarcodeGen\TargetFolder\TestName_60.png,1486
9802015654047644,C:\Users\Puppet Master\VSCODE\RoxyBarcodeGen\TargetFolder\TestName_61.png,1487
9802080535336558,C:\Users\Puppet Master\VSCODE\RoxyBarcodeGen\TargetFolder\TestName_62.png,1488
9802017200151284,C:\Users\Puppet Master\VSCODE\RoxyBarcodeGen\TargetFolder\TestName_63.png,1489
9802075108304181,C:\Users\Puppet Master\VSCODE\RoxyBarcodeGen\TargetFolder\TestName_64.png,1490
9802019945822435,C:\Users\Puppet Master\VSCODE\RoxyBarcodeGen\TargetFolder\TestName_65.png,1491
9802065055730124,C:\Users\Puppet Master\VSCODE\RoxyBarcodeGen\TargetFolder\TestName_66.png,1492
9802063217794864,C:\Users\Puppet Master\VSCODE\RoxyBarcodeGen\TargetFolder\TestName_67.png,1493
9802094852921975,C:\Users\Puppet Master\VSCODE\RoxyBarcodeGen\TargetFolder\TestName_68.png,1494
9802009558546611,C:\Users\Puppet Master\VSCODE\RoxyBarcodeGen\TargetFolder\TestName_69.png,1495
9802021516522733,C:\Users\Puppet Master\VSCODE\RoxyBarcodeGen\TargetFolder\TestName_70.png,1496
9802064275961171,C:\Users\Puppet Master\VSCODE\RoxyBarcodeGen\TargetFolder\TestName_71.png,1497
9802081404678047,C:\Users\Puppet Master\VSCODE\RoxyBarcodeGen\TargetFolder\TestName_72.png,1498
9802046672208546,C:\Users\Puppet Master\VSCODE\RoxyBarcodeGen\TargetFolder\TestName_73.png,1499
9802048419117295,C:\Users\Puppet Master\VSCODE\RoxyBarcodeGen\TargetFolder\TestName_74.png,1500
9802065399256927,C:\Users\Puppet Master\VSCODE\RoxyBarcodeGen\TargetFolder\TestName_75.png,1501
9802077768397620,C:\Users\Puppet Master\VSCODE\RoxyBarcodeGen\TargetFolder\TestName_76.png,1502
9802045380904859,C:\Users\Puppet Master\VSCODE\RoxyBarcodeGen\TargetFolder\TestName_77.png,1503
9802047760226598,C:\Users\Puppet Master\VSCODE\RoxyBarcodeGen\TargetFolder\TestName_78.png,1504
9802040911661565,C:\Users\Puppet Master\VSCODE\RoxyBarcodeGen\TargetFolder\TestName_79.png,1505
9802064019176094,C:\Users\Puppet Master\VSCODE\RoxyBarcodeGen\TargetFolder\TestName_80.png,1506
9802065298354856,C:\Users\Puppet Master\VSCODE\RoxyBarcodeGen\TargetFolder\TestName_81.png,1507
9802012461085206,C:\Users\Puppet Master\VSCODE\RoxyBarcodeGen\TargetFolder\TestName_82.png,1508
9802010793171330,C:\Users\Puppet Master\VSCODE\RoxyBarcodeGen\TargetFolder\TestName_83.png,1509
9802062840168256,C:\Users\Puppet Master\VSCODE\RoxyBarcodeGen\TargetFolder\TestName_84.png,1510
9802048816427750,C:\Users\Puppet Master\VSCODE\RoxyBarcodeGen\TargetFolder\TestName_85.png,1511
9802010694486407,C:\Users\Puppet Master\VSCODE\RoxyBarcodeGen\TargetFolder\TestName_86.png,1512
9802005272805895,C:\Users\Puppet Master\VSCODE\RoxyBarcodeGen\TargetFolder\TestName_87.png,1513
9802045983089892,C:\Users\Puppet Master\VSCODE\RoxyBarcodeGen\TargetFolder\TestName_88.png,1514
9802018298498561,C:\Users\Puppet Master\VSCODE\RoxyBarcodeGen\TargetFolder\TestName_89.png,1515
9802034963837645,C:\Users\Puppet Master\VSCODE\RoxyBarcodeGen\TargetFolder\TestName_90.png,1516
9802081315687152,C:\Users\Puppet Master\VSCODE\RoxyBarcodeGen\TargetFolder\TestName_91.png,1517
9802041097505337,C:\Users\Puppet Master\VSCODE\RoxyBarcodeGen\TargetFolder\TestName_92.png,1518
9802038048014161,C:\Users\Puppet Master\VSCODE\RoxyBarcodeGen\TargetFolder\TestName_93.png,1519
9802008594682638,C:\Users\Puppet Master\VSCODE\RoxyBarcodeGen\TargetFolder\TestName_94.png,1520
9802090694478554,C:\Users\Puppet Master\VSCODE\RoxyBarcodeGen\TargetFolder\TestName_95.png,1521
9802086282869873,C:\Users\Puppet Master\VSCODE\RoxyBarcodeGen\TargetFolder\TestName_96.png,1522
9802077164823419,C:\Users\Puppet Master\VSCODE\RoxyBarcodeGen\TargetFolder\TestName_97.png,1523
9802005063896111,C:\Users\Puppet Master\VSCODE\RoxyBarcodeGen\TargetFolder\TestName_98.png,1524
9802080886200403,C:\Users\Puppet Master\VSCODE\RoxyBarcodeGen\TargetFolder\TestName_99.png,1525
9802069600246776,C:\Users\Puppet Master\VSCODE\RoxyBarcodeGen\TargetFolder\TestName_100.png,1526
9802059415563473,C:\Users\Puppet Master\VSCODE\RoxyBarcodeGen\TargetFolder\TestName_101.png,1527
9802044997599111,C:\Users\Puppet Master\VSCODE\RoxyBarcodeGen\TargetFolder\TestName_102.png,1528
9802021173810249,C:\Users\Puppet Master\VSCODE\RoxyBarcodeGen\TargetFolder\TestName_103.png,1529
9802003056801230,C:\Users\Puppet Master\VSCODE\RoxyBarcodeGen\TargetFolder\TestName_104.png,1530
9802091848963327,C:\Users\Puppet Master\VSCODE\RoxyBarcodeGen\TargetFolder\TestName_105.png,1531
9802023408216135,C:\Users\Puppet Master\VSCODE\RoxyBarcodeGen\TargetFolder\TestName_106.png,1532
9802018770153866,C:\Users\Puppet Master\VSCODE\RoxyBarcodeGen\TargetFolder\TestName_107.png,1533
9802066791399323,C:\Users\Puppet Master\VSCODE\RoxyBarcodeGen\TargetFolder\TestName_108.png,1534
9802014118113191,C:\Users\Puppet Master\VSCODE\RoxyBarcodeGen\TargetFolder\TestName_109.png,1535
9802089648723586,C:\Users\Puppet Master\VSCODE\RoxyBarcodeGen\TargetFolder\TestName_110.png,1536
9802014166133836,C:\Users\Puppet Master\VSCODE\RoxyBarcodeGen\TargetFolder\TestName_111.png,1537
9802056203549813,C:\Users\Puppet Master\VSCODE\RoxyBarcodeGen\TargetFolder\TestName_112.png,1538
9802065321586938,C:\Users\Puppet Master\VSCODE\RoxyBarcodeGen\TargetFolder\TestName_113.png,1539
9802039080904863,C:\Users\Puppet Master\VSCODE\RoxyBarcodeGen\TargetFolder\TestName_114.png,1540
9802026557453227,C:\Users\Puppet Master\VSCODE\RoxyBarcodeGen\TargetFolder\TestName_115.png,1541
9802070516037275,C:\Users\Puppet Master\VSCODE\RoxyBarcodeGen\TargetFolder\TestName_116.png,1542
9802042576319430,C:\Users\Puppet Master\VSCODE\RoxyBarcodeGen\TargetFolder\TestName_117.png,1543
9802058814506281,C:\Users\Puppet Master\VSCODE\RoxyBarcodeGen\TargetFolder\TestName_118.png,1544
9802005270950412,C:\Users\Puppet Master\VSCODE\RoxyBarcodeGen\TargetFolder\TestName_119.png,1545
9802043177885506,C:\Users\Puppet Master\VSCODE\RoxyBarcodeGen\TargetFolder\TestName_120.png,1546
9802065197801767,C:\Users\Puppet Master\VSCODE\RoxyBarcodeGen\TargetFolder\TestName_121.png,1547
9802068764055841,C:\Users\Puppet Master\VSCODE\RoxyBarcodeGen\TargetFolder\TestName_122.png,1548
9802039698949441,C:\Users\Puppet Master\VSCODE\RoxyBarcodeGen\TargetFolder\TestName_123.png,1549
9802007600661016,C:\Users\Puppet Master\VSCODE\RoxyBarcodeGen\TargetFolder\TestName_124.png,1550
9802080954729994,C:\Users\Puppet Master\VSCODE\RoxyBarcodeGen\TargetFolder\TestName_125.png,1551
9802084794560510,C:\Users\Puppet Master\VSCODE\RoxyBarcodeGen\TargetFolder\TestName_126.png,1552
9802050250630584,C:\Users\Puppet Master\VSCODE\RoxyBarcodeGen\TargetFolder\TestName_127.png,1553
9802076635152408,C:\Users\Puppet Master\VSCODE\RoxyBarcodeGen\TargetFolder\TestName_128.png,1554
9802026171794659,C:\Users\Puppet Master\VSCODE\RoxyBarcodeGen\TargetFolder\TestName_129.png,1555
9802022625635945,C:\Users\Puppet Master\VSCODE\RoxyBarcodeGen\TargetFolder\TestName_130.png,1556
9802079612310130,C:\Users\Puppet Master\VSCODE\RoxyBarcodeGen\TargetFolder\TestName_131.png,1557
9802010931143217,C:\Users\Puppet Master\VSCODE\RoxyBarcodeGen\TargetFolder\TestName_132.png,1558
9802002857019737,C:\Users\Puppet Master\VSCODE\RoxyBarcodeGen\TargetFolder\TestName_133.png,1559
9802046940747887,C:\Users\Puppet Master\VSCODE\RoxyBarcodeGen\TargetFolder\TestName_134.png,1560
9802017068463748,C:\Users\Puppet Master\VSCODE\RoxyBarcodeGen\TargetFolder\TestName_135.png,1561
9802084397821723,C:\Users\Puppet Master\VSCODE\RoxyBarcodeGen\TargetFolder\TestName_136.png,1562
9802033892518086,C:\Users\Puppet Master\VSCODE\RoxyBarcodeGen\TargetFolder\TestName_137.png,1563
9802030550469404,C:\Users\Puppet Master\VSCODE\RoxyBarcodeGen\TargetFolder\TestName_138.png,1564
9802076718711922,C:\Users\Puppet Master\VSCODE\RoxyBarcodeGen\TargetFolder\TestName_139.png,1565
9802085863486115,C:\Users\Puppet Master\VSCODE\RoxyBarcodeGen\TargetFolder\TestName_140.png,1566
9802096299528354,C:\Users\Puppet Master\VSCODE\RoxyBarcodeGen\TargetFolder\TestName_141.png,1567
9802036899610095,C:\Users\Puppet Master\VSCODE\RoxyBarcodeGen\TargetFolder\TestName_142.png,1568
9802060187308568,C:\Users\Puppet Master\VSCODE\RoxyBarcodeGen\TargetFolder\TestName_143.png,1569
9802004920267087,C:\Users\Puppet Master\VSCODE\RoxyBarcodeGen\TargetFolder\TestName_144.png,1570
9802037583037264,C:\Users\Puppet Master\VSCODE\RoxyBarcodeGen\TargetFolder\TestName_145.png,1571
9802002469400861,C:\Users\Puppet Master\VSCODE\RoxyBarcodeGen\TargetFolder\TestName_146.png,1572
9802062700656291,C:\Users\Puppet Master\VSCODE\RoxyBarcodeGen\TargetFolder\TestName_147.png,1573
9802049315912680,C:\Users\Puppet Master\VSCODE\RoxyBarcodeGen\TargetFolder\TestName_148.png,1574
9802035458556061,C:\Users\Puppet Master\VSCODE\RoxyBarcodeGen\TargetFolder\TestName_149.png,1575
9802001953973136,C:\Users\Puppet Master\VSCODE\RoxyBarcodeGen\TargetFolder\TestName_150.png,1576
9802082049619362,C:\Users\Puppet Master\VSCODE\RoxyBarcodeGen\TargetFolder\TestName_151.png,1577
9802050922112847,C:\Users\Puppet Master\VSCODE\RoxyBarcodeGen\TargetFolder\TestName_152.png,1578
9802075447223373,C:\Users\Puppet Master\VSCODE\RoxyBarcodeGen\TargetFolder\TestName_153.png,1579
9802039423494325,C:\Users\Puppet Master\VSCODE\RoxyBarcodeGen\TargetFolder\TestName_154.png,1580
9802004146396199,C:\Users\Puppet Master\VSCODE\RoxyBarcodeGen\TargetFolder\TestName_155.png,1581
9802037578749220,C:\Users\Puppet Master\VSCODE\RoxyBarcodeGen\TargetFolder\TestName_156.png,1582
9802009705413103,C:\Users\Puppet Master\VSCODE\RoxyBarcodeGen\TargetFolder\TestName_157.png,1583
9802066989835989,C:\Users\Puppet Master\VSCODE\RoxyBarcodeGen\TargetFolder\TestName_158.png,1584
9802016359322670,C:\Users\Puppet Master\VSCODE\RoxyBarcodeGen\TargetFolder\TestName_159.png,1585
9802024611646407,C:\Users\Puppet Master\VSCODE\RoxyBarcodeGen\TargetFolder\TestName_160.png,1586
9802052198443534,C:\Users\Puppet Master\VSCODE\RoxyBarcodeGen\TargetFolder\TestName_161.png,1587
9802029261213861,C:\Users\Puppet Master\VSCODE\RoxyBarcodeGen\TargetFolder\TestName_162.png,1588
9802034991112433,C:\Users\Puppet Master\VSCODE\RoxyBarcodeGen\TargetFolder\TestName_163.png,1589
9802073987122758,C:\Users\Puppet Master\VSCODE\RoxyBarcodeGen\TargetFolder\TestName_164.png,1590
9802068708379190,C:\Users\Puppet Master\VSCODE\RoxyBarcodeGen\TargetFolder\TestName_165.png,1591
9802045007637650,C:\Users\Puppet Master\VSCODE\RoxyBarcodeGen\TargetFolder\TestName_166.png,1592
9802024016219677,C:\Users\Puppet Master\VSCODE\RoxyBarcodeGen\TargetFolder\TestName_167.png,1593
9802098445823994,C:\Users\Puppet Master\VSCODE\RoxyBarcodeGen\TargetFolder\TestName_168.png,1594
9802099426283349,C:\Users\Puppet Master\VSCODE\RoxyBarcodeGen\TargetFolder\TestName_169.png,1595
9802054801857027,C:\Users\Puppet Master\VSCODE\RoxyBarcodeGen\TargetFolder\TestName_170.png,1596
9802004333816694,C:\Users\Puppet Master\VSCODE\RoxyBarcodeGen\TargetFolder\TestName_171.png,1597
9802014654387175,C:\Users\Puppet Master\VSCODE\RoxyBarcodeGen\TargetFolder\TestName_172.png,1598
9802071096728325,C:\Users\Puppet Master\VSCODE\RoxyBarcodeGen\TargetFolder\TestName_173.png,1599
9802019890132780,C:\Users\Puppet Master\VSCODE\RoxyBarcodeGen\TargetFolder\TestName_174.png,1600
9802055407378144,C:\Users\Puppet Master\VSCODE\RoxyBarcodeGen\TargetFolder\TestName_175.png,1601
9802071254524672,C:\Users\Puppet Master\VSCODE\RoxyBarcodeGen\TargetFolder\TestName_176.png,1602
9802064541448599,C:\Users\Puppet Master\VSCODE\RoxyBarcodeGen\TargetFolder\TestName_177.png,1603
9802066054282778,C:\Users\Puppet Master\VSCODE\RoxyBarcodeGen\TargetFolder\TestName_178.png,1604
9802084912792961,C:\Users\Puppet Master\VSCODE\RoxyBarcodeGen\TargetFolder\TestName_179.png,1605
9802010411914046,C:\Users\Puppet Master\VSCODE\RoxyBarcodeGen\TargetFolder\TestName_180.png,1606
9802065892182430,C:\Users\Puppet Master\VSCODE\RoxyBarcodeGen\TargetFolder\TestName_181.png,1607
9802006065901503,C:\Users\Puppet Master\VSCODE\RoxyBarcodeGen\TargetFolder\TestName_182.png,1608
9802083012436198,C:\Users\Puppet Master\VSCODE\RoxyBarcodeGen\TargetFolder\TestName_183.png,1609
9802027805662833,C:\Users\Puppet Master\VSCODE\RoxyBarcodeGen\TargetFolder\TestName_184.png,1610
9802048026622687,C:\Users\Puppet Master\VSCODE\RoxyBarcodeGen\TargetFolder\TestName_185.png,1611
9802039016469486,C:\Users\Puppet Master\VSCODE\RoxyBarcodeGen\TargetFolder\TestName_186.png,1612
9802051809345864,C:\Users\Puppet Master\VSCODE\RoxyBarcodeGen\TargetFolder\TestName_187.png,1613
9802042329576955,C:\Users\Puppet Master\VSCODE\RoxyBarcodeGen\TargetFolder\TestName_188.png,1614
9802058050082492,C:\Users\Puppet Master\VSCODE\RoxyBarcodeGen\TargetFolder\TestName_189.png,1615
9802055817771425,C:\Users\Puppet Master\VSCODE\RoxyBarcodeGen\TargetFolder\TestName_190.png,1616
9802090774401427,C:\Users\Puppet Master\VSCODE\RoxyBarcodeGen\TargetFolder\TestName_191.png,1617
9802025360468034,C:\Users\Puppet Master\VSCODE\RoxyBarcodeGen\TargetFolder\TestName_192.png,1618
9802077099054767,C:\Users\Puppet Master\VSCODE\RoxyBarcodeGen\TargetFolder\TestName_193.png,1619
9802006742224840,C:\Users\Puppet Master\VSCODE\RoxyBarcodeGen\TargetFolder\TestName_194.png,1620
9802012163717569,C:\Users\Puppet Master\VSCODE\RoxyBarcodeGen\TargetFolder\TestName_195.png,1621
9802046084116014,C:\Users\Puppet Master\VSCODE\RoxyBarcodeGen\TargetFolder\TestName_196.png,1622
9802005747429248,C:\Users\Puppet Master\VSCODE\RoxyBarcodeGen\TargetFolder\TestName_197.png,1623
9802084136917824,C:\Users\Puppet Master\VSCODE\RoxyBarcodeGen\TargetFolder\TestName_198.png,1624
9802079596187546,C:\Users\Puppet Master\VSCODE\RoxyBarcodeGen\TargetFolder\TestName_199.png,1625
9802056672447804,C:\Users\Puppet Master\VSCODE\RoxyBarcodeGen\TargetFolder\TestName_200.png,1626
9802001829861572,C:\Users\Puppet Master\VSCODE\RoxyBarcodeGen\TargetFolder\TestName_201.png,1627
9802080863787042,C:\Users\Puppet Master\VSCODE\RoxyBarcodeGen\TargetFolder\TestName_202.png,1628
9802032142560450,C:\Users\Puppet Master\VSCODE\RoxyBarcodeGen\TargetFolder\TestName_203.png,1629
9802090516325561,C:\Users\Puppet Master\VSCODE\RoxyBarcodeGen\TargetFolder\TestName_204.png,1630
9802008937741190,C:\Users\Puppet Master\VSCODE\RoxyBarcodeGen\TargetFolder\TestName_205.png,1631
9802083801002938,C:\Users\Puppet Master\VSCODE\RoxyBarcodeGen\TargetFolder\TestName_206.png,1632
9802073777809648,C:\Users\Puppet Master\VSCODE\RoxyBarcodeGen\TargetFolder\TestName_207.png,1633
9802044317057121,C:\Users\Puppet Master\VSCODE\RoxyBarcodeGen\TargetFolder\TestName_208.png,1634
9802018617037355,C:\Users\Puppet Master\VSCODE\RoxyBarcodeGen\TargetFolder\TestName_209.png,1635
9802067630370046,C:\Users\Puppet Master\VSCODE\RoxyBarcodeGen\TargetFolder\TestName_210.png,1636
9802024422508697,C:\Users\Puppet Master\VSCODE\RoxyBarcodeGen\TargetFolder\TestName_211.png,1637
9802039615335237,C:\Users\Puppet Master\VSCODE\RoxyBarcodeGen\TargetFolder\TestName_212.png,1638
9802006850837052,C:\Users\Puppet Master\VSCODE\RoxyBarcodeGen\TargetFolder\TestName_213.png,1639
9802072247561565,C:\Users\Puppet Master\VSCODE\RoxyBarcodeGen\TargetFolder\TestName_214.png,1640
9802029013215370,C:\Users\Puppet Master\VSCODE\RoxyBarcodeGen\TargetFolder\TestName_215.png,1641
9802091575287676,C:\Users\Puppet Master\VSCODE\RoxyBarcodeGen\TargetFolder\TestName_216.png,1642
9802093910422562,C:\Users\Puppet Master\VSCODE\RoxyBarcodeGen\TargetFolder\TestName_217.png,1643
9802046989451813,C:\Users\Puppet Master\VSCODE\RoxyBarcodeGen\TargetFolder\TestName_218.png,1644
9802085963886339,C:\Users\Puppet Master\VSCODE\RoxyBarcodeGen\TargetFolder\TestName_219.png,1645
9802026710445979,C:\Users\Puppet Master\VSCODE\RoxyBarcodeGen\TargetFolder\TestName_220.png,1646
9802064745699047,C:\Users\Puppet Master\VSCODE\RoxyBarcodeGen\TargetFolder\TestName_221.png,1647
9802005484511786,C:\Users\Puppet Master\VSCODE\RoxyBarcodeGen\TargetFolder\TestName_222.png,1648
9802068638527686,C:\Users\Puppet Master\VSCODE\RoxyBarcodeGen\TargetFolder\TestName_223.png,1649
9802085005006482,C:\Users\Puppet Master\VSCODE\RoxyBarcodeGen\TargetFolder\TestName_224.png,1650
9802084372928816,C:\Users\Puppet Master\VSCODE\RoxyBarcodeGen\TargetFolder\TestName_225.png,1651
9802059625788282,C:\Users\Puppet Master\VSCODE\RoxyBarcodeGen\TargetFolder\TestName_226.png,1652
9802074630054976,C:\Users\Puppet Master\VSCODE\RoxyBarcodeGen\TargetFolder\TestName_227.png,1653
9802047142217844,C:\Users\Puppet Master\VSCODE\RoxyBarcodeGen\TargetFolder\TestName_228.png,1654
9802021168007777,C:\Users\Puppet Master\VSCODE\RoxyBarcodeGen\TargetFolder\TestName_229.png,1655
9802091843288894,C:\Users\Puppet Master\VSCODE\RoxyBarcodeGen\TargetFolder\TestName_230.png,1656
9802008470979207,C:\Users\Puppet Master\VSCODE\RoxyBarcodeGen\TargetFolder\TestName_231.png,1657
9802090869457250,C:\Users\Puppet Master\VSCODE\RoxyBarcodeGen\TargetFolder\TestName_232.png,1658
9802031152741364,C:\Users\Puppet Master\VSCODE\RoxyBarcodeGen\TargetFolder\TestName_233.png,1659
9802057783158090,C:\Users\Puppet Master\VSCODE\RoxyBarcodeGen\TargetFolder\TestName_234.png,1660
9802018526989613,C:\Users\Puppet Master\VSCODE\RoxyBarcodeGen\TargetFolder\TestName_235.png,1661
9802005337147200,C:\Users\Puppet Master\VSCODE\RoxyBarcodeGen\TargetFolder\TestName_236.png,1662
9802031581180804,C:\Users\Puppet Master\VSCODE\RoxyBarcodeGen\TargetFolder\TestName_237.png,1663
9802068917484005,C:\Users\Puppet Master\VSCODE\RoxyBarcodeGen\TargetFolder\TestName_238.png,1664
9802084778880124,C:\Users\Puppet Master\VSCODE\RoxyBarcodeGen\TargetFolder\TestName_239.png,1665
9802099792839401,C:\Users\Puppet Master\VSCODE\RoxyBarcodeGen\TargetFolder\TestName_240.png,1666
9802056147690970,C:\Users\Puppet Master\VSCODE\RoxyBarcodeGen\TargetFolder\TestName_241.png,1667
9802057322358623,C:\Users\Puppet Master\VSCODE\RoxyBarcodeGen\TargetFolder\TestName_242.png,1668
9802020296488156,C:\Users\Puppet Master\VSCODE\RoxyBarcodeGen\TargetFolder\TestName_243.png,1669
9802073454945681,C:\Users\Puppet Master\VSCODE\RoxyBarcodeGen\TargetFolder\TestName_244.png,1670
9802070845922593,C:\Users\Puppet Master\VSCODE\RoxyBarcodeGen\TargetFolder\TestName_245.png,1671
9802055983077813,C:\Users\Puppet Master\VSCODE\RoxyBarcodeGen\TargetFolder\TestName_246.png,1672
9802005304673949,C:\Users\Puppet Master\VSCODE\RoxyBarcodeGen\TargetFolder\TestName_247.png,1673
9802079172477808,C:\Users\Puppet Master\VSCODE\RoxyBarcodeGen\TargetFolder\TestName_248.png,1674
9802087592078510,C:\Users\Puppet Master\VSCODE\RoxyBarcodeGen\TargetFolder\TestName_249.png,1675
9802082837700713,C:\Users\Puppet Master\VSCODE\RoxyBarcodeGen\TargetFolder\TestName_250.png,1676
9802021001973292,C:\Users\Puppet Master\VSCODE\RoxyBarcodeGen\TargetFolder\TestName_251.png,1677
9802076885915819,C:\Users\Puppet Master\VSCODE\RoxyBarcodeGen\TargetFolder\TestName_252.png,1678
9802031347211000,C:\Users\Puppet Master\VSCODE\RoxyBarcodeGen\TargetFolder\TestName_253.png,1679
9802085661508912,C:\Users\Puppet Master\VSCODE\RoxyBarcodeGen\TargetFolder\TestName_254.png,1680
9802045289474426,C:\Users\Puppet Master\VSCODE\RoxyBarcodeGen\TargetFolder\TestName_255.png,1681
9802017475812255,C:\Users\Puppet Master\VSCODE\RoxyBarcodeGen\TargetFolder\TestName_256.png,1682
9802039832370223,C:\Users\Puppet Master\VSCODE\RoxyBarcodeGen\TargetFolder\TestName_257.png,1683
9802070155390647,C:\Users\Puppet Master\VSCODE\RoxyBarcodeGen\TargetFolder\TestName_258.png,1684
9802053336795306,C:\Users\Puppet Master\VSCODE\RoxyBarcodeGen\TargetFolder\TestName_259.png,1685
9802085939027018,C:\Users\Puppet Master\VSCODE\RoxyBarcodeGen\TargetFolder\TestName_260.png,1686
9802044084640836,C:\Users\Puppet Master\VSCODE\RoxyBarcodeGen\TargetFolder\TestName_261.png,1687
9802019584214241,C:\Users\Puppet Master\VSCODE\RoxyBarcodeGen\TargetFolder\TestName_262.png,1688
9802075056029673,C:\Users\Puppet Master\VSCODE\RoxyBarcodeGen\TargetFolder\TestName_263.png,1689
9802059465877583,C:\Users\Puppet Master\VSCODE\RoxyBarcodeGen\TargetFolder\TestName_264.png,1690
9802063258091402,C:\Users\Puppet Master\VSCODE\RoxyBarcodeGen\TargetFolder\TestName_265.png,1691
9802037487363246,C:\Users\Puppet Master\VSCODE\RoxyBarcodeGen\TargetFolder\TestName_266.png,1692
9802024163298623,C:\Users\Puppet Master\VSCODE\RoxyBarcodeGen\TargetFolder\TestName_267.png,1693
9802031047206953,C:\Users\Puppet Master\VSCODE\RoxyBarcodeGen\TargetFolder\TestName_268.png,1694
9802058845108255,C:\Users\Puppet Master\VSCODE\RoxyBarcodeGen\TargetFolder\TestName_269.png,1695
9802025362404946,C:\Users\Puppet Master\VSCODE\RoxyBarcodeGen\TargetFolder\TestName_270.png,1696
9802000914980404,C:\Users\Puppet Master\VSCODE\RoxyBarcodeGen\TargetFolder\TestName_271.png,1697
9802027266668709,C:\Users\Puppet Master\VSCODE\RoxyBarcodeGen\TargetFolder\TestName_272.png,1698
9802016443857012,C:\Users\Puppet Master\VSCODE\RoxyBarcodeGen\TargetFolder\TestName_273.png,1699
9802089228638253,C:\Users\Puppet Master\VSCODE\RoxyBarcodeGen\TargetFolder\TestName_274.png,1700
9802031280857363,C:\Users\Puppet Master\VSCODE\RoxyBarcodeGen\TargetFolder\TestName_275.png,1701
9802009085934819,C:\Users\Puppet Master\VSCODE\RoxyBarcodeGen\TargetFolder\TestName_276.png,1702
9802053726494205,C:\Users\Puppet Master\VSCODE\RoxyBarcodeGen\TargetFolder\TestName_277.png,1703
9802043904086931,C:\Users\Puppet Master\VSCODE\RoxyBarcodeGen\TargetFolder\TestName_278.png,1704
9802061862258482,C:\Users\Puppet Master\VSCODE\RoxyBarcodeGen\TargetFolder\TestName_279.png,1705
9802060207878699,C:\Users\Puppet Master\VSCODE\RoxyBarcodeGen\TargetFolder\TestName_280.png,1706
9802084812098469,C:\Users\Puppet Master\VSCODE\RoxyBarcodeGen\TargetFolder\TestName_281.png,1707
9802035578192714,C:\Users\Puppet Master\VSCODE\RoxyBarcodeGen\TargetFolder\TestName_282.png,1708
9802029542897268,C:\Users\Puppet Master\VSCODE\RoxyBarcodeGen\TargetFolder\TestName_283.png,1709
9802025619329524,C:\Users\Puppet Master\VSCODE\RoxyBarcodeGen\TargetFolder\TestName_284.png,1710
9802007151052938,C:\Users\Puppet Master\VSCODE\RoxyBarcodeGen\TargetFolder\TestName_285.png,1711
9802058394576860,C:\Users\Puppet Master\VSCODE\RoxyBarcodeGen\TargetFolder\TestName_286.png,1712
9802019493908347,C:\Users\Puppet Master\VSCODE\RoxyBarcodeGen\TargetFolder\TestName_287.png,1713
9802018843453079,C:\Users\Puppet Master\VSCODE\RoxyBarcodeGen\TargetFolder\TestName_288.png,1714
9802060722464355,C:\Users\Puppet Master\VSCODE\RoxyBarcodeGen\TargetFolder\TestName_289.png,1715
9802056673216034,C:\Users\Puppet Master\VSCODE\RoxyBarcodeGen\TargetFolder\TestName_290.png,1716
9802037117101933,C:\Users\Puppet Master\VSCODE\RoxyBarcodeGen\TargetFolder\TestName_291.png,1717
9802066942852980,C:\Users\Puppet Master\VSCODE\RoxyBarcodeGen\TargetFolder\TestName_292.png,1718
9802097403948553,C:\Users\Puppet Master\VSCODE\RoxyBarcodeGen\TargetFolder\TestName_293.png,1719
9802058745094662,C:\Users\Puppet Master\VSCODE\RoxyBarcodeGen\TargetFolder\TestName_294.png,1720
9802098213434479,C:\Users\Puppet Master\VSCODE\RoxyBarcodeGen\TargetFolder\TestName_295.png,1721
9802080677527493,C:\Users\Puppet Master\VSCODE\RoxyBarcodeGen\TargetFolder\TestName_296.png,1722
9802007168049158,C:\Users\Puppet Master\VSCODE\RoxyBarcodeGen\TargetFolder\TestName_297.png,1723
9802009092942920,C:\Users\Puppet Master\VSCODE\RoxyBarcodeGen\TargetFolder\TestName_298.png,1724
9802005647215440,C:\Users\Puppet Master\VSCODE\RoxyBarcodeGen\TargetFolder\TestName_299.png,1725
9802060297599833,C:\Users\Puppet Master\VSCODE\RoxyBarcodeGen\TargetFolder\TestName_300.png,1726
9802085532326122,C:\Users\Puppet Master\VSCODE\RoxyBarcodeGen\TargetFolder\TestName_301.png,1727
9802082984303766,C:\Users\Puppet Master\VSCODE\RoxyBarcodeGen\TargetFolder\TestName_302.png,1728
9802014552148000,C:\Users\Puppet Master\VSCODE\RoxyBarcodeGen\TargetFolder\TestName_303.png,1729
9802028624125838,C:\Users\Puppet Master\VSCODE\RoxyBarcodeGen\TargetFolder\TestName_304.png,1730
9802090727330475,C:\Users\Puppet Master\VSCODE\RoxyBarcodeGen\TargetFolder\TestName_305.png,1731
9802008827418958,C:\Users\Puppet Master\VSCODE\RoxyBarcodeGen\TargetFolder\TestName_306.png,1732
9802016779249792,C:\Users\Puppet Master\VSCODE\RoxyBarcodeGen\TargetFolder\TestName_307.png,1733
9802012327845686,C:\Users\Puppet Master\VSCODE\RoxyBarcodeGen\TargetFolder\TestName_308.png,1734
9802066505637992,C:\Users\Puppet Master\VSCODE\RoxyBarcodeGen\TargetFolder\TestName_309.png,1735
9802009069251644,C:\Users\Puppet Master\VSCODE\RoxyBarcodeGen\TargetFolder\TestName_310.png,1736
9802058934913961,C:\Users\Puppet Master\VSCODE\RoxyBarcodeGen\TargetFolder\TestName_311.png,1737
9802028958941859,C:\Users\Puppet Master\VSCODE\RoxyBarcodeGen\TargetFolder\TestName_312.png,1738
9802034841883175,C:\Users\Puppet Master\VSCODE\RoxyBarcodeGen\TargetFolder\TestName_313.png,1739
9802098772651844,C:\Users\Puppet Master\VSCODE\RoxyBarcodeGen\TargetFolder\TestName_314.png,1740
9802037580319434,C:\Users\Puppet Master\VSCODE\RoxyBarcodeGen\TargetFolder\TestName_315.png,1741
9802037136772151,C:\Users\Puppet Master\VSCODE\RoxyBarcodeGen\TargetFolder\TestName_316.png,1742
9802099816244752,C:\Users\Puppet Master\VSCODE\RoxyBarcodeGen\TargetFolder\TestName_317.png,1743
9802078756368912,C:\Users\Puppet Master\VSCODE\RoxyBarcodeGen\TargetFolder\TestName_318.png,1744
9802030722484042,C:\Users\Puppet Master\VSCODE\RoxyBarcodeGen\TargetFolder\TestName_319.png,1745
9802076268033685,C:\Users\Puppet Master\VSCODE\RoxyBarcodeGen\TargetFolder\TestName_320.png,1746
9802035425936735,C:\Users\Puppet Master\VSCODE\RoxyBarcodeGen\TargetFolder\TestName_321.png,1747
9802040317495196,C:\Users\Puppet Master\VSCODE\RoxyBarcodeGen\TargetFolder\TestName_322.png,1748
9802020859006858,C:\Users\Puppet Master\VSCODE\RoxyBarcodeGen\TargetFolder\TestName_323.png,1749
9802018963852472,C:\Users\Puppet Master\VSCODE\RoxyBarcodeGen\TargetFolder\TestName_324.png,1750
9802041975327887,C:\Users\Puppet Master\VSCODE\RoxyBarcodeGen\TargetFolder\TestName_325.png,1751
9802023058965627,C:\Users\Puppet Master\VSCODE\RoxyBarcodeGen\TargetFolder\TestName_326.png,1752
9802041379925476,C:\Users\Puppet Master\VSCODE\RoxyBarcodeGen\TargetFolder\TestName_327.png,1753
9802068951384699,C:\Users\Puppet Master\VSCODE\RoxyBarcodeGen\TargetFolder\TestName_328.png,1754
9802037428499596,C:\Users\Puppet Master\VSCODE\RoxyBarcodeGen\TargetFolder\TestName_329.png,1755
9802024351985783,C:\Users\Puppet Master\VSCODE\RoxyBarcodeGen\TargetFolder\TestName_330.png,1756
9802036837200942,C:\Users\Puppet Master\VSCODE\RoxyBarcodeGen\TargetFolder\TestName_331.png,1757
9802067802199413,C:\Users\Puppet Master\VSCODE\RoxyBarcodeGen\TargetFolder\TestName_332.png,1758
9802010778590322,C:\Users\Puppet Master\VSCODE\RoxyBarcodeGen\TargetFolder\TestName_333.png,1759
9802054237674525,C:\Users\Puppet Master\VSCODE\RoxyBarcodeGen\TargetFolder\TestName_334.png,1760
9802008435130227,C:\Users\Puppet Master\VSCODE\RoxyBarcodeGen\TargetFolder\TestName_335.png,1761
9802079110977000,C:\Users\Puppet Master\VSCODE\RoxyBarcodeGen\TargetFolder\TestName_336.png,1762
9802040724802935,C:\Users\Puppet Master\VSCODE\RoxyBarcodeGen\TargetFolder\TestName_337.png,1763
9802013856111813,C:\Users\Puppet Master\VSCODE\RoxyBarcodeGen\TargetFolder\TestName_338.png,1764
9802008152580109,C:\Users\Puppet Master\VSCODE\RoxyBarcodeGen\TargetFolder\TestName_339.png,1765
9802061696434663,C:\Users\Puppet Master\VSCODE\RoxyBarcodeGen\TargetFolder\TestName_340.png,1766
9802073852909016,C:\Users\Puppet Master\VSCODE\RoxyBarcodeGen\TargetFolder\TestName_341.png,1767
9802069769907143,C:\Users\Puppet Master\VSCODE\RoxyBarcodeGen\TargetFolder\TestName_342.png,1768
9802073992182847,C:\Users\Puppet Master\VSCODE\RoxyBarcodeGen\TargetFolder\TestName_343.png,1769
9802063815286438,C:\Users\Puppet Master\VSCODE\RoxyBarcodeGen\TargetFolder\TestName_344.png,1770
9802054480290094,C:\Users\Puppet Master\VSCODE\RoxyBarcodeGen\TargetFolder\TestName_345.png,1771
9802030769474443,C:\Users\Puppet Master\VSCODE\RoxyBarcodeGen\TargetFolder\TestName_346.png,1772
9802098987246141,C:\Users\Puppet Master\VSCODE\RoxyBarcodeGen\TargetFolder\TestName_347.png,1773
9802026206658374,C:\Users\Puppet Master\VSCODE\RoxyBarcodeGen\TargetFolder\TestName_348.png,1774
9802009899424817,C:\Users\Puppet Master\VSCODE\RoxyBarcodeGen\TargetFolder\TestName_349.png,1775
9802064615873821,C:\Users\Puppet Master\VSCODE\RoxyBarcodeGen\TargetFolder\TestName_350.png,1776
9802049588221678,C:\Users\Puppet Master\VSCODE\RoxyBarcodeGen\TargetFolder\TestName_351.png,1777
9802042556965459,C:\Users\Puppet Master\VSCODE\RoxyBarcodeGen\TargetFolder\TestName_352.png,1778
9802094605140204,C:\Users\Puppet Master\VSCODE\RoxyBarcodeGen\TargetFolder\TestName_353.png,1779
9802095633168422,C:\Users\Puppet Master\VSCODE\RoxyBarcodeGen\TargetFolder\TestName_354.png,1780
9802099893106551,C:\Users\Puppet Master\VSCODE\RoxyBarcodeGen\TargetFolder\TestName_355.png,1781
9802026226050172,C:\Users\Puppet Master\VSCODE\RoxyBarcodeGen\TargetFolder\TestName_356.png,1782
9802075496982671,C:\Users\Puppet Master\VSCODE\RoxyBarcodeGen\TargetFolder\TestName_357.png,1783
9802046298355747,C:\Users\Puppet Master\VSCODE\RoxyBarcodeGen\TargetFolder\TestName_358.png,1784
9802082714162177,C:\Users\Puppet Master\VSCODE\RoxyBarcodeGen\TargetFolder\TestName_359.png,1785
9802038507184232,C:\Users\Puppet Master\VSCODE\RoxyBarcodeGen\TargetFolder\TestName_360.png,1786
9802046279292992,C:\Users\Puppet Master\VSCODE\RoxyBarcodeGen\TargetFolder\TestName_361.png,1787
9802035860391586,C:\Users\Puppet Master\VSCODE\RoxyBarcodeGen\TargetFolder\TestName_362.png,1788
9802097903645469,C:\Users\Puppet Master\VSCODE\RoxyBarcodeGen\TargetFolder\TestName_363.png,1789
9802074793633319,C:\Users\Puppet Master\VSCODE\RoxyBarcodeGen\TargetFolder\TestName_364.png,1790
9802013683254869,C:\Users\Puppet Master\VSCODE\RoxyBarcodeGen\TargetFolder\TestName_365.png,1791
9802009901681172,C:\Users\Puppet Master\VSCODE\RoxyBarcodeGen\TargetFolder\TestName_366.png,1792
9802029552552373,C:\Users\Puppet Master\VSCODE\RoxyBarcodeGen\TargetFolder\TestName_367.png,1793
9802073758854126,C:\Users\Puppet Master\VSCODE\RoxyBarcodeGen\TargetFolder\TestName_368.png,1794
9802000975755588,C:\Users\Puppet Master\VSCODE\RoxyBarcodeGen\TargetFolder\TestName_369.png,1795
9802089268142331,C:\Users\Puppet Master\VSCODE\RoxyBarcodeGen\TargetFolder\TestName_370.png,1796
9802032313547609,C:\Users\Puppet Master\VSCODE\RoxyBarcodeGen\TargetFolder\TestName_371.png,1797
9802000717526552,C:\Users\Puppet Master\VSCODE\RoxyBarcodeGen\TargetFolder\TestName_372.png,1798
9802044303853509,C:\Users\Puppet Master\VSCODE\RoxyBarcodeGen\TargetFolder\TestName_373.png,1799
9802083041246568,C:\Users\Puppet Master\VSCODE\RoxyBarcodeGen\TargetFolder\TestName_374.png,1800
9802052001170829,C:\Users\Puppet Master\VSCODE\RoxyBarcodeGen\TargetFolder\TestName_375.png,1801
9802027222166194,C:\Users\Puppet Master\VSCODE\RoxyBarcodeGen\TargetFolder\TestName_376.png,1802
9802020690597099,C:\Users\Puppet Master\VSCODE\RoxyBarcodeGen\TargetFolder\TestName_377.png,1803
9802038136739299,C:\Users\Puppet Master\VSCODE\RoxyBarcodeGen\TargetFolder\TestName_378.png,1804
9802048469896889,C:\Users\Puppet Master\VSCODE\RoxyBarcodeGen\TargetFolder\TestName_379.png,1805
9802088718446508,C:\Users\Puppet Master\VSCODE\RoxyBarcodeGen\TargetFolder\TestName_380.png,1806
9802013344889210,C:\Users\Puppet Master\VSCODE\RoxyBarcodeGen\TargetFolder\TestName_381.png,1807
9802095399633577,C:\Users\Puppet Master\VSCODE\RoxyBarcodeGen\TargetFolder\TestName_382.png,1808
9802005683591720,C:\Users\Puppet Master\VSCODE\RoxyBarcodeGen\TargetFolder\TestName_383.png,1809
9802087153831869,C:\Users\Puppet Master\VSCODE\RoxyBarcodeGen\TargetFolder\TestName_384.png,1810
9802084308917586,C:\Users\Puppet Master\VSCODE\RoxyBarcodeGen\TargetFolder\TestName_385.png,1811
9802062741040323,C:\Users\Puppet Master\VSCODE\RoxyBarcodeGen\TargetFolder\TestName_386.png,1812
9802031527880939,C:\Users\Puppet Master\VSCODE\RoxyBarcodeGen\TargetFolder\TestName_387.png,1813
9802018123629521,C:\Users\Puppet Master\VSCODE\RoxyBarcodeGen\TargetFolder\TestName_388.png,1814
9802063150063830,C:\Users\Puppet Master\VSCODE\RoxyBarcodeGen\TargetFolder\TestName_389.png,1815
9802025088700064,C:\Users\Puppet Master\VSCODE\RoxyBarcodeGen\TargetFolder\TestName_390.png,1816
9802087023736694,C:\Users\Puppet Master\VSCODE\RoxyBarcodeGen\TargetFolder\TestName_391.png,1817
9802052262359723,C:\Users\Puppet Master\VSCODE\RoxyBarcodeGen\TargetFolder\TestName_392.png,1818
9802073375934723,C:\Users\Puppet Master\VSCODE\RoxyBarcodeGen\TargetFolder\TestName_393.png,1819
9802046153955441,C:\Users\Puppet Master\VSCODE\RoxyBarcodeGen\TargetFolder\TestName_394.png,1820
9802056579286511,C:\Users\Puppet Master\VSCODE\RoxyBarcodeGen\TargetFolder\TestName_395.png,1821
9802005317802261,C:\Users\Puppet Master\VSCODE\RoxyBarcodeGen\TargetFolder\TestName_396.png,1822
9802085734880553,C:\Users\Puppet Master\VSCODE\RoxyBarcodeGen\TargetFolder\TestName_397.png,1823
9802016525215667,C:\Users\Puppet Master\VSCODE\RoxyBarcodeGen\TargetFolder\TestName_398.png,1824
9802008037026070,C:\Users\Puppet Master\VSCODE\RoxyBarcodeGen\TargetFolder\TestName_399.png,1825
9802077202338974,C:\Users\Puppet Master\VSCODE\RoxyBarcodeGen\TargetFolder\TestName_400.png,1826
9802049878873063,C:\Users\Puppet Master\VSCODE\RoxyBarcodeGen\TargetFolder\TestName_401.png,1827
9802050309876428,C:\Users\Puppet Master\VSCODE\RoxyBarcodeGen\TargetFolder\TestName_402.png,1828
9802038410467781,C:\Users\Puppet Master\VSCODE\RoxyBarcodeGen\TargetFolder\TestName_403.png,1829
9802048077416658,C:\Users\Puppet Master\VSCODE\RoxyBarcodeGen\TargetFolder\TestName_404.png,1830
9802045365100549,C:\Users\Puppet Master\VSCODE\RoxyBarcodeGen\TargetFolder\TestName_405.png,1831
9802054151668297,C:\Users\Puppet Master\VSCODE\RoxyBarcodeGen\TargetFolder\TestName_406.png,1832
9802085931290069,C:\Users\Puppet Master\VSCODE\RoxyBarcodeGen\TargetFolder\TestName_407.png,1833
9802060007617040,C:\Users\Puppet Master\VSCODE\RoxyBarcodeGen\TargetFolder\TestName_408.png,1834
9802007462600003,C:\Users\Puppet Master\VSCODE\RoxyBarcodeGen\TargetFolder\TestName_409.png,1835
9802027248163365,C:\Users\Puppet Master\VSCODE\RoxyBarcodeGen\TargetFolder\TestName_410.png,1836
9802078341695571,C:\Users\Puppet Master\VSCODE\RoxyBarcodeGen\TargetFolder\TestName_411.png,1837
9802044105744245,C:\Users\Puppet Master\VSCODE\RoxyBarcodeGen\TargetFolder\TestName_412.png,1838
9802027024718002,C:\Users\Puppet Master\VSCODE\RoxyBarcodeGen\TargetFolder\TestName_413.png,1839
9802001239139544,C:\Users\Puppet Master\VSCODE\RoxyBarcodeGen\TargetFolder\TestName_414.png,1840
9802052788818491,C:\Users\Puppet Master\VSCODE\RoxyBarcodeGen\TargetFolder\TestName_415.png,1841
9802096547770519,C:\Users\Puppet Master\VSCODE\RoxyBarcodeGen\TargetFolder\TestName_416.png,1842
9802020502161779,C:\Users\Puppet Master\VSCODE\RoxyBarcodeGen\TargetFolder\TestName_417.png,1843
9802078571627898,C:\Users\Puppet Master\VSCODE\RoxyBarcodeGen\TargetFolder\TestName_418.png,1844
9802010766001605,C:\Users\Puppet Master\VSCODE\RoxyBarcodeGen\TargetFolder\TestName_419.png,1845
9802001259841532,C:\Users\Puppet Master\VSCODE\RoxyBarcodeGen\TargetFolder\TestName_420.png,1846
9802078562712444,C:\Users\Puppet Master\VSCODE\RoxyBarcodeGen\TargetFolder\TestName_421.png,1847
9802060581661109,C:\Users\Puppet Master\VSCODE\RoxyBarcodeGen\TargetFolder\TestName_422.png,1848
9802088473808520,C:\Users\Puppet Master\VSCODE\RoxyBarcodeGen\TargetFolder\TestName_423.png,1849
9802015057090027,C:\Users\Puppet Master\VSCODE\RoxyBarcodeGen\TargetFolder\TestName_424.png,1850
9802066813778140,C:\Users\Puppet Master\VSCODE\RoxyBarcodeGen\TargetFolder\TestName_425.png,1851
9802035384981854,C:\Users\Puppet Master\VSCODE\RoxyBarcodeGen\TargetFolder\TestName_426.png,1852
9802045050115059,C:\Users\Puppet Master\VSCODE\RoxyBarcodeGen\TargetFolder\TestName_427.png,1853
9802039078718150,C:\Users\Puppet Master\VSCODE\RoxyBarcodeGen\TargetFolder\TestName_428.png,1854
9802070968349772,C:\Users\Puppet Master\VSCODE\RoxyBarcodeGen\TargetFolder\TestName_429.png,1855
9802056123388359,C:\Users\Puppet Master\VSCODE\RoxyBarcodeGen\TargetFolder\TestName_430.png,1856
9802038992163642,C:\Users\Puppet Master\VSCODE\RoxyBarcodeGen\TargetFolder\TestName_431.png,1857
9802013710487714,C:\Users\Puppet Master\VSCODE\RoxyBarcodeGen\TargetFolder\TestName_432.png,1858
9802062181839630,C:\Users\Puppet Master\VSCODE\RoxyBarcodeGen\TargetFolder\TestName_433.png,1859
9802051871509108,C:\Users\Puppet Master\VSCODE\RoxyBarcodeGen\TargetFolder\TestName_434.png,1860
9802015195758170,C:\Users\Puppet Master\VSCODE\RoxyBarcodeGen\TargetFolder\TestName_435.png,1861
9802014389704975,C:\Users\Puppet Master\VSCODE\RoxyBarcodeGen\TargetFolder\TestName_436.png,1862
9802023797474972,C:\Users\Puppet Master\VSCODE\RoxyBarcodeGen\TargetFolder\TestName_437.png,1863
9802080481174656,C:\Users\Puppet Master\VSCODE\RoxyBarcodeGen\TargetFolder\TestName_438.png,1864
9802032021988327,C:\Users\Puppet Master\VSCODE\RoxyBarcodeGen\TargetFolder\TestName_439.png,1865
9802048332359131,C:\Users\Puppet Master\VSCODE\RoxyBarcodeGen\TargetFolder\TestName_440.png,1866
9802099569712914,C:\Users\Puppet Master\VSCODE\RoxyBarcodeGen\TargetFolder\TestName_441.png,1867
9802093045607640,C:\Users\Puppet Master\VSCODE\RoxyBarcodeGen\TargetFolder\TestName_442.png,1868
9802044934978139,C:\Users\Puppet Master\VSCODE\RoxyBarcodeGen\TargetFolder\TestName_443.png,1869
9802073066452217,C:\Users\Puppet Master\VSCODE\RoxyBarcodeGen\TargetFolder\TestName_444.png,1870
9802005941082587,C:\Users\Puppet Master\VSCODE\RoxyBarcodeGen\TargetFolder\TestName_445.png,1871
9802050935344007,C:\Users\Puppet Master\VSCODE\RoxyBarcodeGen\TargetFolder\TestName_446.png,1872
9802095156108581,C:\Users\Puppet Master\VSCODE\RoxyBarcodeGen\TargetFolder\TestName_447.png,1873
9802096038230338,C:\Users\Puppet Master\VSCODE\RoxyBarcodeGen\TargetFolder\TestName_448.png,1874
9802041971858901,C:\Users\Puppet Master\VSCODE\RoxyBarcodeGen\TargetFolder\TestName_449.png,1875
9802043628859845,C:\Users\Puppet Master\VSCODE\RoxyBarcodeGen\TargetFolder\TestName_450.png,1876
9802012515579055,C:\Users\Puppet Master\VSCODE\RoxyBarcodeGen\TargetFolder\TestName_451.png,1877
9802026624399718,C:\Users\Puppet Master\VSCODE\RoxyBarcodeGen\TargetFolder\TestName_452.png,1878
9802026900308144,C:\Users\Puppet Master\VSCODE\RoxyBarcodeGen\TargetFolder\TestName_453.png,1879
9802070072892576,C:\Users\Puppet Master\VSCODE\RoxyBarcodeGen\TargetFolder\TestName_454.png,1880
9802032296833174,C:\Users\Puppet Master\VSCODE\RoxyBarcodeGen\TargetFolder\TestName_455.png,1881
9802037455615205,C:\Users\Puppet Master\VSCODE\RoxyBarcodeGen\TargetFolder\TestName_456.png,1882
9802067497526425,C:\Users\Puppet Master\VSCODE\RoxyBarcodeGen\TargetFolder\TestName_457.png,1883
9802052843732166,C:\Users\Puppet Master\VSCODE\RoxyBarcodeGen\TargetFolder\TestName_458.png,1884
9802073082775161,C:\Users\Puppet Master\VSCODE\RoxyBarcodeGen\TargetFolder\TestName_459.png,1885
9802019661648873,C:\Users\Puppet Master\VSCODE\RoxyBarcodeGen\TargetFolder\TestName_460.png,1886
9802006006474933,C:\Users\Puppet Master\VSCODE\RoxyBarcodeGen\TargetFolder\TestName_461.png,1887
9802067021669329,C:\Users\Puppet Master\VSCODE\RoxyBarcodeGen\TargetFolder\TestName_462.png,1888
9802047555496281,C:\Users\Puppet Master\VSCODE\RoxyBarcodeGen\TargetFolder\TestName_463.png,1889
9802021589746599,C:\Users\Puppet Master\VSCODE\RoxyBarcodeGen\TargetFolder\TestName_464.png,1890
9802084414206593,C:\Users\Puppet Master\VSCODE\RoxyBarcodeGen\TargetFolder\TestName_465.png,1891
9802077850870716,C:\Users\Puppet Master\VSCODE\RoxyBarcodeGen\TargetFolder\TestName_466.png,1892
9802012536196269,C:\Users\Puppet Master\VSCODE\RoxyBarcodeGen\TargetFolder\TestName_467.png,1893
9802082203259237,C:\Users\Puppet Master\VSCODE\RoxyBarcodeGen\TargetFolder\TestName_468.png,1894
9802018674811783,C:\Users\Puppet Master\VSCODE\RoxyBarcodeGen\TargetFolder\TestName_469.png,1895
9802051836428451,C:\Users\Puppet Master\VSCODE\RoxyBarcodeGen\TargetFolder\TestName_470.png,1896
9802047017885022,C:\Users\Puppet Master\VSCODE\RoxyBarcodeGen\TargetFolder\TestName_471.png,1897
9802074450966861,C:\Users\Puppet Master\VSCODE\RoxyBarcodeGen\TargetFolder\TestName_472.png,1898
9802004792994487,C:\Users\Puppet Master\VSCODE\RoxyBarcodeGen\TargetFolder\TestName_473.png,1899
9802051940125993,C:\Users\Puppet Master\VSCODE\RoxyBarcodeGen\TargetFolder\TestName_474.png,1900
9802059853431985,C:\Users\Puppet Master\VSCODE\RoxyBarcodeGen\TargetFolder\TestName_475.png,1901
9802006035903555,C:\Users\Puppet Master\VSCODE\RoxyBarcodeGen\TargetFolder\TestName_476.png,1902
9802004743847446,C:\Users\Puppet Master\VSCODE\RoxyBarcodeGen\TargetFolder\TestName_477.png,1903
9802002002134258,C:\Users\Puppet Master\VSCODE\RoxyBarcodeGen\TargetFolder\TestName_478.png,1904
9802047860720474,C:\Users\Puppet Master\VSCODE\RoxyBarcodeGen\TargetFolder\TestName_479.png,1905
9802046593909768,C:\Users\Puppet Master\VSCODE\RoxyBarcodeGen\TargetFolder\TestName_480.png,1906
9802083521623872,C:\Users\Puppet Master\VSCODE\RoxyBarcodeGen\TargetFolder\TestName_481.png,1907
9802096762313151,C:\Users\Puppet Master\VSCODE\RoxyBarcodeGen\TargetFolder\TestName_482.png,1908
9802049163756973,C:\Users\Puppet Master\VSCODE\RoxyBarcodeGen\TargetFolder\TestName_483.png,1909
9802009457742626,C:\Users\Puppet Master\VSCODE\RoxyBarcodeGen\TargetFolder\TestName_484.png,1910
9802082615913033,C:\Users\Puppet Master\VSCODE\RoxyBarcodeGen\TargetFolder\TestName_485.png,1911
9802097534837725,C:\Users\Puppet Master\VSCODE\RoxyBarcodeGen\TargetFolder\TestName_486.png,1912
9802006941524719,C:\Users\Puppet Master\VSCODE\RoxyBarcodeGen\TargetFolder\TestName_487.png,1913
9802020316423001,C:\Users\Puppet Master\VSCODE\RoxyBarcodeGen\TargetFolder\TestName_488.png,1914
9802017752920078,C:\Users\Puppet Master\VSCODE\RoxyBarcodeGen\TargetFolder\TestName_489.png,1915
9802060350967638,C:\Users\Puppet Master\VSCODE\RoxyBarcodeGen\TargetFolder\TestName_490.png,1916
9802071092189464,C:\Users\Puppet Master\VSCODE\RoxyBarcodeGen\TargetFolder\TestName_491.png,1917
9802014244362209,C:\Users\Puppet Master\VSCODE\RoxyBarcodeGen\TargetFolder\TestName_492.png,1918
9802028435732889,C:\Users\Puppet Master\VSCODE\RoxyBarcodeGen\TargetFolder\TestName_493.png,1919
9802029488983767,C:\Users\Puppet Master\VSCODE\RoxyBarcodeGen\TargetFolder\TestName_494.png,1920
9802088037128472,C:\Users\Puppet Master\VSCODE\RoxyBarcodeGen\TargetFolder\TestName_495.png,1921
9802087422092111,C:\Users\Puppet Master\VSCODE\RoxyBarcodeGen\TargetFolder\TestName_496.png,1922
9802093544681369,C:\Users\Puppet Master\VSCODE\RoxyBarcodeGen\TargetFolder\TestName_497.png,1923
9802061680614502,C:\Users\Puppet Master\VSCODE\RoxyBarcodeGen\TargetFolder\TestName_498.png,1924
9802037669915979,C:\Users\Puppet Master\VSCODE\RoxyBarcodeGen\TargetFolder\TestName_499.png,1925
9802095243627205,C:\Users\Puppet Master\VSCODE\RoxyBarcodeGen\TargetFolder\TestName_500.png,1926
9802003757897834,C:\Users\Puppet Master\VSCODE\RoxyBarcodeGen\TargetFolder\TestName_501.png,1927
9802067924323321,C:\Users\Puppet Master\VSCODE\RoxyBarcodeGen\TargetFolder\TestName_502.png,1928
9802069831835082,C:\Users\Puppet Master\VSCODE\RoxyBarcodeGen\TargetFolder\TestName_503.png,1929
9802065875073598,C:\Users\Puppet Master\VSCODE\RoxyBarcodeGen\TargetFolder\TestName_504.png,1930
9802097034113197,C:\Users\Puppet Master\VSCODE\RoxyBarcodeGen\TargetFolder\TestName_505.png,1931
9802018307794463,C:\Users\Puppet Master\VSCODE\RoxyBarcodeGen\TargetFolder\TestName_506.png,1932
9802040454423886,C:\Users\Puppet Master\VSCODE\RoxyBarcodeGen\TargetFolder\TestName_507.png,1933
9802050001035521,C:\Users\Puppet Master\VSCODE\RoxyBarcodeGen\TargetFolder\TestName_508.png,1934
9802074948316497,C:\Users\Puppet Master\VSCODE\RoxyBarcodeGen\TargetFolder\TestName_509.png,1935
9802076121046726,C:\Users\Puppet Master\VSCODE\RoxyBarcodeGen\TargetFolder\TestName_510.png,1936
9802017214423455,C:\Users\Puppet Master\VSCODE\RoxyBarcodeGen\TargetFolder\TestName_511.png,1937
9802034387798589,C:\Users\Puppet Master\VSCODE\RoxyBarcodeGen\TargetFolder\TestName_512.png,1938
9802065032783519,C:\Users\Puppet Master\VSCODE\RoxyBarcodeGen\TargetFolder\TestName_513.png,1939
9802062143584605,C:\Users\Puppet Master\VSCODE\RoxyBarcodeGen\TargetFolder\TestName_514.png,1940
9802050167303887,C:\Users\Puppet Master\VSCODE\RoxyBarcodeGen\TargetFolder\TestName_515.png,1941
9802052118997049,C:\Users\Puppet Master\VSCODE\RoxyBarcodeGen\TargetFolder\TestName_516.png,1942
9802000411970056,C:\Users\Puppet Master\VSCODE\RoxyBarcodeGen\TargetFolder\TestName_517.png,1943
9802037095461440,C:\Users\Puppet Master\VSCODE\RoxyBarcodeGen\TargetFolder\TestName_518.png,1944
9802051895981135,C:\Users\Puppet Master\VSCODE\RoxyBarcodeGen\TargetFolder\TestName_519.png,1945
9802043706570686,C:\Users\Puppet Master\VSCODE\RoxyBarcodeGen\TargetFolder\TestName_520.png,1946
9802037520283831,C:\Users\Puppet Master\VSCODE\RoxyBarcodeGen\TargetFolder\TestName_521.png,1947
9802032689006909,C:\Users\Puppet Master\VSCODE\RoxyBarcodeGen\TargetFolder\TestName_522.png,1948
9802009156893555,C:\Users\Puppet Master\VSCODE\RoxyBarcodeGen\TargetFolder\TestName_523.png,1949
9802040811450192,C:\Users\Puppet Master\VSCODE\RoxyBarcodeGen\TargetFolder\TestName_524.png,1950
9802041317604811,C:\Users\Puppet Master\VSCODE\RoxyBarcodeGen\TargetFolder\TestName_525.png,1951
9802045565657272,C:\Users\Puppet Master\VSCODE\RoxyBarcodeGen\TargetFolder\TestName_526.png,1952
9802079682084938,C:\Users\Puppet Master\VSCODE\RoxyBarcodeGen\TargetFolder\TestName_527.png,1953
9802030580865563,C:\Users\Puppet Master\VSCODE\RoxyBarcodeGen\TargetFolder\TestName_528.png,1954
9802016226087209,C:\Users\Puppet Master\VSCODE\RoxyBarcodeGen\TargetFolder\TestName_529.png,1955
9802094148131637,C:\Users\Puppet Master\VSCODE\RoxyBarcodeGen\TargetFolder\TestName_530.png,1956
9802007396145281,C:\Users\Puppet Master\VSCODE\RoxyBarcodeGen\TargetFolder\TestName_531.png,1957
9802013787392177,C:\Users\Puppet Master\VSCODE\RoxyBarcodeGen\TargetFolder\TestName_532.png,1958
9802042237197688,C:\Users\Puppet Master\VSCODE\RoxyBarcodeGen\TargetFolder\TestName_533.png,1959
9802087507137351,C:\Users\Puppet Master\VSCODE\RoxyBarcodeGen\TargetFolder\TestName_534.png,1960
9802092515588983,C:\Users\Puppet Master\VSCODE\RoxyBarcodeGen\TargetFolder\TestName_535.png,1961
9802073455805660,C:\Users\Puppet Master\VSCODE\RoxyBarcodeGen\TargetFolder\TestName_536.png,1962
9802047245332490,C:\Users\Puppet Master\VSCODE\RoxyBarcodeGen\TargetFolder\TestName_537.png,1963
9802060882045671,C:\Users\Puppet Master\VSCODE\RoxyBarcodeGen\TargetFolder\TestName_538.png,1964
9802074331194832,C:\Users\Puppet Master\VSCODE\RoxyBarcodeGen\TargetFolder\TestName_539.png,1965
9802074432806979,C:\Users\Puppet Master\VSCODE\RoxyBarcodeGen\TargetFolder\TestName_540.png,1966
9802010953920294,C:\Users\Puppet Master\VSCODE\RoxyBarcodeGen\TargetFolder\TestName_541.png,1967
9802021430771598,C:\Users\Puppet Master\VSCODE\RoxyBarcodeGen\TargetFolder\TestName_542.png,1968
9802066315211160,C:\Users\Puppet Master\VSCODE\RoxyBarcodeGen\TargetFolder\TestName_543.png,1969
9802019980683064,C:\Users\Puppet Master\VSCODE\RoxyBarcodeGen\TargetFolder\TestName_544.png,1970
9802071448718651,C:\Users\Puppet Master\VSCODE\RoxyBarcodeGen\TargetFolder\TestName_545.png,1971
9802069764818667,C:\Users\Puppet Master\VSCODE\RoxyBarcodeGen\TargetFolder\TestName_546.png,1972
9802008804417155,C:\Users\Puppet Master\VSCODE\RoxyBarcodeGen\TargetFolder\TestName_547.png,1973
9802048337463821,C:\Users\Puppet Master\VSCODE\RoxyBarcodeGen\TargetFolder\TestName_548.png,1974
9802087292254957,C:\Users\Puppet Master\VSCODE\RoxyBarcodeGen\TargetFolder\TestName_549.png,1975
9802005316021830,C:\Users\Puppet Master\VSCODE\RoxyBarcodeGen\TargetFolder\TestName_550.png,1976
9802085725114079,C:\Users\Puppet Master\VSCODE\RoxyBarcodeGen\TargetFolder\TestName_551.png,1977
9802011635871715,C:\Users\Puppet Master\VSCODE\RoxyBarcodeGen\TargetFolder\TestName_552.png,1978
9802035025285640,C:\Users\Puppet Master\VSCODE\RoxyBarcodeGen\TargetFolder\TestName_553.png,1979
9802023331049447,C:\Users\Puppet Master\VSCODE\RoxyBarcodeGen\TargetFolder\TestName_554.png,1980
9802035548599832,C:\Users\Puppet Master\VSCODE\RoxyBarcodeGen\TargetFolder\TestName_555.png,1981
9802032554862709,C:\Users\Puppet Master\VSCODE\RoxyBarcodeGen\TargetFolder\TestName_556.png,1982
9802011937641618,C:\Users\Puppet Master\VSCODE\RoxyBarcodeGen\TargetFolder\TestName_557.png,1983
9802009197146971,C:\Users\Puppet Master\VSCODE\RoxyBarcodeGen\TargetFolder\TestName_558.png,1984
9802030548111639,C:\Users\Puppet Master\VSCODE\RoxyBarcodeGen\TargetFolder\TestName_559.png,1985
9802086582057658,C:\Users\Puppet Master\VSCODE\RoxyBarcodeGen\TargetFolder\TestName_560.png,1986
9802056328813938,C:\Users\Puppet Master\VSCODE\RoxyBarcodeGen\TargetFolder\TestName_561.png,1987
9802092745943909,C:\Users\Puppet Master\VSCODE\RoxyBarcodeGen\TargetFolder\TestName_562.png,1988
9802011397098689,C:\Users\Puppet Master\VSCODE\RoxyBarcodeGen\TargetFolder\TestName_563.png,1989
9802027639913295,C:\Users\Puppet Master\VSCODE\RoxyBarcodeGen\TargetFolder\TestName_564.png,1990
9802009921091873,C:\Users\Puppet Master\VSCODE\RoxyBarcodeGen\TargetFolder\TestName_565.png,1991
9802057397141409,C:\Users\Puppet Master\VSCODE\RoxyBarcodeGen\TargetFolder\TestName_566.png,1992
9802078960728125,C:\Users\Puppet Master\VSCODE\RoxyBarcodeGen\TargetFolder\TestName_567.png,1993
9802019999205925,C:\Users\Puppet Master\VSCODE\RoxyBarcodeGen\TargetFolder\TestName_568.png,1994
9802018577241716,C:\Users\Puppet Master\VSCODE\RoxyBarcodeGen\TargetFolder\TestName_569.png,1995
9802066092479014,C:\Users\Puppet Master\VSCODE\RoxyBarcodeGen\TargetFolder\TestName_570.png,1996
9802032649398800,C:\Users\Puppet Master\VSCODE\RoxyBarcodeGen\TargetFolder\TestName_571.png,1997
9802010574989645,C:\Users\Puppet Master\VSCODE\RoxyBarcodeGen\TargetFolder\TestName_572.png,1998
9802060624351692,C:\Users\Puppet Master\VSCODE\RoxyBarcodeGen\TargetFolder\TestName_573.png,1999
9802082982342303,C:\Users\Puppet Master\VSCODE\RoxyBarcodeGen\TargetFolder\TestName_574.png,2000
9802075927211831,C:\Users\Puppet Master\VSCODE\RoxyBarcodeGen\TargetFolder\TestName_575.png,2001
9802051387192506,C:\Users\Puppet Master\VSCODE\RoxyBarcodeGen\TargetFolder\TestName_576.png,2002
9802093268089013,C:\Users\Puppet Master\VSCODE\RoxyBarcodeGen\TargetFolder\TestName_577.png,2003
9802031160122847,C:\Users\Puppet Master\VSCODE\RoxyBarcodeGen\TargetFolder\TestName_578.png,2004
9802046720442790,C:\Users\Puppet Master\VSCODE\RoxyBarcodeGen\TargetFolder\TestName_579.png,2005
9802044137271118,C:\Users\Puppet Master\VSCODE\RoxyBarcodeGen\TargetFolder\TestName_580.png,2006
9802074842789963,C:\Users\Puppet Master\VSCODE\RoxyBarcodeGen\TargetFolder\TestName_581.png,2007
9802034852106540,C:\Users\Puppet Master\VSCODE\RoxyBarcodeGen\TargetFolder\TestName_582.png,2008
9802099603139215,C:\Users\Puppet Master\VSCODE\RoxyBarcodeGen\TargetFolder\TestName_583.png,2009
9802041194572982,C:\Users\Puppet Master\VSCODE\RoxyBarcodeGen\TargetFolder\TestName_584.png,2010
9802090305431570,C:\Users\Puppet Master\VSCODE\RoxyBarcodeGen\TargetFolder\TestName_585.png,2011
9802048184012317,C:\Users\Puppet Master\VSCODE\RoxyBarcodeGen\TargetFolder\TestName_586.png,2012
9802070920318923,C:\Users\Puppet Master\VSCODE\RoxyBarcodeGen\TargetFolder\TestName_587.png,2013
9802077008540997,C:\Users\Puppet Master\VSCODE\RoxyBarcodeGen\TargetFolder\TestName_588.png,2014
9802093228339599,C:\Users\Puppet Master\VSCODE\RoxyBarcodeGen\TargetFolder\TestName_589.png,2015
9802044112005689,C:\Users\Puppet Master\VSCODE\RoxyBarcodeGen\TargetFolder\TestName_590.png,2016
9802017156785945,C:\Users\Puppet Master\VSCODE\RoxyBarcodeGen\TargetFolder\TestName_591.png,2017
9802045670687347,C:\Users\Puppet Master\VSCODE\RoxyBarcodeGen\TargetFolder\TestName_592.png,2018
9802057645463522,C:\Users\Puppet Master\VSCODE\RoxyBarcodeGen\TargetFolder\TestName_593.png,2019
9802033558428232,C:\Users\Puppet Master\VSCODE\RoxyBarcodeGen\TargetFolder\TestName_594.png,2020
9802049151408702,C:\Users\Puppet Master\VSCODE\RoxyBarcodeGen\TargetFolder\TestName_595.png,2021
9802044210883128,C:\Users\Puppet Master\VSCODE\RoxyBarcodeGen\TargetFolder\TestName_596.png,2022
9802074956617042,C:\Users\Puppet Master\VSCODE\RoxyBarcodeGen\TargetFolder\TestName_597.png,2023
9802066234527225,C:\Users\Puppet Master\VSCODE\RoxyBarcodeGen\TargetFolder\TestName_598.png,2024
9802097520378890,C:\Users\Puppet Master\VSCODE\RoxyBarcodeGen\TargetFolder\TestName_599.png,2025
9802065149976709,C:\Users\Puppet Master\VSCODE\RoxyBarcodeGen\TargetFolder\TestName_600.png,2026
9802092699105455,C:\Users\Puppet Master\VSCODE\RoxyBarcodeGen\TargetFolder\TestName_601.png,2027
9802063121163701,C:\Users\Puppet Master\VSCODE\RoxyBarcodeGen\TargetFolder\TestName_602.png,2028
9802007712313324,C:\Users\Puppet Master\VSCODE\RoxyBarcodeGen\TargetFolder\TestName_603.png,2029
9802037388303887,C:\Users\Puppet Master\VSCODE\RoxyBarcodeGen\TargetFolder\TestName_604.png,2030
9802007765239061,C:\Users\Puppet Master\VSCODE\RoxyBarcodeGen\TargetFolder\TestName_605.png,2031
9802075354459127,C:\Users\Puppet Master\VSCODE\RoxyBarcodeGen\TargetFolder\TestName_606.png,2032
9802028622799535,C:\Users\Puppet Master\VSCODE\RoxyBarcodeGen\TargetFolder\TestName_607.png,2033
9802037239926860,C:\Users\Puppet Master\VSCODE\RoxyBarcodeGen\TargetFolder\TestName_608.png,2034
9802010043314763,C:\Users\Puppet Master\VSCODE\RoxyBarcodeGen\TargetFolder\TestName_609.png,2035
9802008787542946,C:\Users\Puppet Master\VSCODE\RoxyBarcodeGen\TargetFolder\TestName_610.png,2036
9802063595345784,C:\Users\Puppet Master\VSCODE\RoxyBarcodeGen\TargetFolder\TestName_611.png,2037
9802091846252384,C:\Users\Puppet Master\VSCODE\RoxyBarcodeGen\TargetFolder\TestName_612.png,2038
9802052299818592,C:\Users\Puppet Master\VSCODE\RoxyBarcodeGen\TargetFolder\TestName_613.png,2039
9802022660610084,C:\Users\Puppet Master\VSCODE\RoxyBarcodeGen\TargetFolder\TestName_614.png,2040
9802085663080324,C:\Users\Puppet Master\VSCODE\RoxyBarcodeGen\TargetFolder\TestName_615.png,2041
9802078033405826,C:\Users\Puppet Master\VSCODE\RoxyBarcodeGen\TargetFolder\TestName_616.png,2042
9802024600185979,C:\Users\Puppet Master\VSCODE\RoxyBarcodeGen\TargetFolder\TestName_617.png,2043
9802093986566714,C:\Users\Puppet Master\VSCODE\RoxyBarcodeGen\TargetFolder\TestName_618.png,2044
9802071923266861,C:\Users\Puppet Master\VSCODE\RoxyBarcodeGen\TargetFolder\TestName_619.png,2045
9802030980868902,C:\Users\Puppet Master\VSCODE\RoxyBarcodeGen\TargetFolder\TestName_620.png,2046
9802054631953137,C:\Users\Puppet Master\VSCODE\RoxyBarcodeGen\TargetFolder\TestName_621.png,2047
9802050502887719,C:\Users\Puppet Master\VSCODE\RoxyBarcodeGen\TargetFolder\TestName_622.png,2048
9802009966100670,C:\Users\Puppet Master\VSCODE\RoxyBarcodeGen\TargetFolder\TestName_623.png,2049
9802043821098050,C:\Users\Puppet Master\VSCODE\RoxyBarcodeGen\TargetFolder\TestName_624.png,2050
9802042145033959,C:\Users\Puppet Master\VSCODE\RoxyBarcodeGen\TargetFolder\TestName_625.png,2051
9802040122574540,C:\Users\Puppet Master\VSCODE\RoxyBarcodeGen\TargetFolder\TestName_626.png,2052
9802028179864880,C:\Users\Puppet Master\VSCODE\RoxyBarcodeGen\TargetFolder\TestName_627.png,2053
9802030421324697,C:\Users\Puppet Master\VSCODE\RoxyBarcodeGen\TargetFolder\TestName_628.png,2054
9802035030747907,C:\Users\Puppet Master\VSCODE\RoxyBarcodeGen\TargetFolder\TestName_629.png,2055
9802050358456544,C:\Users\Puppet Master\VSCODE\RoxyBarcodeGen\TargetFolder\TestName_630.png,2056
9802078460681964,C:\Users\Puppet Master\VSCODE\RoxyBarcodeGen\TargetFolder\TestName_631.png,2057
9802011550329699,C:\Users\Puppet Master\VSCODE\RoxyBarcodeGen\TargetFolder\TestName_632.png,2058
9802050745004361,C:\Users\Puppet Master\VSCODE\RoxyBarcodeGen\TargetFolder\TestName_633.png,2059
9802096456201514,C:\Users\Puppet Master\VSCODE\RoxyBarcodeGen\TargetFolder\TestName_634.png,2060
9802021810225686,C:\Users\Puppet Master\VSCODE\RoxyBarcodeGen\TargetFolder\TestName_635.png,2061
9802097043631270,C:\Users\Puppet Master\VSCODE\RoxyBarcodeGen\TargetFolder\TestName_636.png,2062
9802001653055226,C:\Users\Puppet Master\VSCODE\RoxyBarcodeGen\TargetFolder\TestName_637.png,2063
9802071892022402,C:\Users\Puppet Master\VSCODE\RoxyBarcodeGen\TargetFolder\TestName_638.png,2064
9802025793621845,C:\Users\Puppet Master\VSCODE\RoxyBarcodeGen\TargetFolder\TestName_639.png,2065
9802040299594982,C:\Users\Puppet Master\VSCODE\RoxyBarcodeGen\TargetFolder\TestName_640.png,2066
9802048320651309,C:\Users\Puppet Master\VSCODE\RoxyBarcodeGen\TargetFolder\TestName_641.png,2067
9802034827942714,C:\Users\Puppet Master\VSCODE\RoxyBarcodeGen\TargetFolder\TestName_642.png,2068
9802060587389432,C:\Users\Puppet Master\VSCODE\RoxyBarcodeGen\TargetFolder\TestName_643.png,2069
9802094689626920,C:\Users\Puppet Master\VSCODE\RoxyBarcodeGen\TargetFolder\TestName_644.png,2070
9802036500947332,C:\Users\Puppet Master\VSCODE\RoxyBarcodeGen\TargetFolder\TestName_645.png,2071
9802014808156906,C:\Users\Puppet Master\VSCODE\RoxyBarcodeGen\TargetFolder\TestName_646.png,2072
9802075734260567,C:\Users\Puppet Master\VSCODE\RoxyBarcodeGen\TargetFolder\TestName_647.png,2073
9802012186132135,C:\Users\Puppet Master\VSCODE\RoxyBarcodeGen\TargetFolder\TestName_648.png,2074
9802061137531952,C:\Users\Puppet Master\VSCODE\RoxyBarcodeGen\TargetFolder\TestName_649.png,2075
9802048195676779,C:\Users\Puppet Master\VSCODE\RoxyBarcodeGen\TargetFolder\TestName_650.png,2076
9802012047654038,C:\Users\Puppet Master\VSCODE\RoxyBarcodeGen\TargetFolder\TestName_651.png,2077
9802057807377916,C:\Users\Puppet Master\VSCODE\RoxyBarcodeGen\TargetFolder\TestName_652.png,2078
9802072029691291,C:\Users\Puppet Master\VSCODE\RoxyBarcodeGen\TargetFolder\TestName_653.png,2079
9802004294257284,C:\Users\Puppet Master\VSCODE\RoxyBarcodeGen\TargetFolder\TestName_654.png,2080
9802050973764926,C:\Users\Puppet Master\VSCODE\RoxyBarcodeGen\TargetFolder\TestName_655.png,2081
9802094170360401,C:\Users\Puppet Master\VSCODE\RoxyBarcodeGen\TargetFolder\TestName_656.png,2082
9802055322857594,C:\Users\Puppet Master\VSCODE\RoxyBarcodeGen\TargetFolder\TestName_657.png,2083
9802065154464344,C:\Users\Puppet Master\VSCODE\RoxyBarcodeGen\TargetFolder\TestName_658.png,2084
9802096493642829,C:\Users\Puppet Master\VSCODE\RoxyBarcodeGen\TargetFolder\TestName_659.png,2085
9802082111817076,C:\Users\Puppet Master\VSCODE\RoxyBarcodeGen\TargetFolder\TestName_660.png,2086
9802056671205369,C:\Users\Puppet Master\VSCODE\RoxyBarcodeGen\TargetFolder\TestName_661.png,2087
9802034233305191,C:\Users\Puppet Master\VSCODE\RoxyBarcodeGen\TargetFolder\TestName_662.png,2088
9802077707348932,C:\Users\Puppet Master\VSCODE\RoxyBarcodeGen\TargetFolder\TestName_663.png,2089
9802050434551573,C:\Users\Puppet Master\VSCODE\RoxyBarcodeGen\TargetFolder\TestName_664.png,2090
9802051298700330,C:\Users\Puppet Master\VSCODE\RoxyBarcodeGen\TargetFolder\TestName_665.png,2091
9802072022847817,C:\Users\Puppet Master\VSCODE\RoxyBarcodeGen\TargetFolder\TestName_666.png,2092
9802051265781040,C:\Users\Puppet Master\VSCODE\RoxyBarcodeGen\TargetFolder\TestName_667.png,2093
9802006530404828,C:\Users\Puppet Master\VSCODE\RoxyBarcodeGen\TargetFolder\TestName_668.png,2094
9802010191588069,C:\Users\Puppet Master\VSCODE\RoxyBarcodeGen\TargetFolder\TestName_669.png,2095
9802041188249514,C:\Users\Puppet Master\VSCODE\RoxyBarcodeGen\TargetFolder\TestName_670.png,2096
9802010367809315,C:\Users\Puppet Master\VSCODE\RoxyBarcodeGen\TargetFolder\TestName_671.png,2097
9802046229711190,C:\Users\Puppet Master\VSCODE\RoxyBarcodeGen\TargetFolder\TestName_672.png,2098
9802018987471978,C:\Users\Puppet Master\VSCODE\RoxyBarcodeGen\TargetFolder\TestName_673.png,2099
9802001166543247,C:\Users\Puppet Master\VSCODE\RoxyBarcodeGen\TargetFolder\TestName_674.png,2100
9802023729847592,C:\Users\Puppet Master\VSCODE\RoxyBarcodeGen\TargetFolder\TestName_675.png,2101
9802001999812397,C:\Users\Puppet Master\VSCODE\RoxyBarcodeGen\TargetFolder\TestName_676.png,2102
9802061053420404,C:\Users\Puppet Master\VSCODE\RoxyBarcodeGen\TargetFolder\TestName_677.png,2103
9802015676060609,C:\Users\Puppet Master\VSCODE\RoxyBarcodeGen\TargetFolder\TestName_678.png,2104
9802074409772147,C:\Users\Puppet Master\VSCODE\RoxyBarcodeGen\TargetFolder\TestName_679.png,2105
9802016409764715,C:\Users\Puppet Master\VSCODE\RoxyBarcodeGen\TargetFolder\TestName_680.png,2106
9802077322502830,C:\Users\Puppet Master\VSCODE\RoxyBarcodeGen\TargetFolder\TestName_681.png,2107
9802055373861214,C:\Users\Puppet Master\VSCODE\RoxyBarcodeGen\TargetFolder\TestName_682.png,2108
9802048764945928,C:\Users\Puppet Master\VSCODE\RoxyBarcodeGen\TargetFolder\TestName_683.png,2109
9802099460074596,C:\Users\Puppet Master\VSCODE\RoxyBarcodeGen\TargetFolder\TestName_684.png,2110
9802016588124780,C:\Users\Puppet Master\VSCODE\RoxyBarcodeGen\TargetFolder\TestName_685.png,2111
9802028839229631,C:\Users\Puppet Master\VSCODE\RoxyBarcodeGen\TargetFolder\TestName_686.png,2112
9802036918362678,C:\Users\Puppet Master\VSCODE\RoxyBarcodeGen\TargetFolder\TestName_687.png,2113
9802011435957912,C:\Users\Puppet Master\VSCODE\RoxyBarcodeGen\TargetFolder\TestName_688.png,2114
9802066725351879,C:\Users\Puppet Master\VSCODE\RoxyBarcodeGen\TargetFolder\TestName_689.png,2115
9802054848341894,C:\Users\Puppet Master\VSCODE\RoxyBarcodeGen\TargetFolder\TestName_690.png,2116
9802086226074713,C:\Users\Puppet Master\VSCODE\RoxyBarcodeGen\TargetFolder\TestName_691.png,2117
9802072995586145,C:\Users\Puppet Master\VSCODE\RoxyBarcodeGen\TargetFolder\TestName_692.png,2118
9802070481720525,C:\Users\Puppet Master\VSCODE\RoxyBarcodeGen\TargetFolder\TestName_693.png,2119
9802011699647647,C:\Users\Puppet Master\VSCODE\RoxyBarcodeGen\TargetFolder\TestName_694.png,2120
9802006138007692,C:\Users\Puppet Master\VSCODE\RoxyBarcodeGen\TargetFolder\TestName_695.png,2121
9802026480861686,C:\Users\Puppet Master\VSCODE\RoxyBarcodeGen\TargetFolder\TestName_696.png,2122
9802021153901240,C:\Users\Puppet Master\VSCODE\RoxyBarcodeGen\TargetFolder\TestName_697.png,2123
9802056502410105,C:\Users\Puppet Master\VSCODE\RoxyBarcodeGen\TargetFolder\TestName_698.png,2124
9802081700653496,C:\Users\Puppet Master\VSCODE\RoxyBarcodeGen\TargetFolder\TestName_699.png,2125
9802083825682046,C:\Users\Puppet Master\VSCODE\RoxyBarcodeGen\TargetFolder\TestName_700.png,2126
9802048270653404,C:\Users\Puppet Master\VSCODE\RoxyBarcodeGen\TargetFolder\TestName_701.png,2127
9802042364672982,C:\Users\Puppet Master\VSCODE\RoxyBarcodeGen\TargetFolder\TestName_702.png,2128
9802097159497763,C:\Users\Puppet Master\VSCODE\RoxyBarcodeGen\TargetFolder\TestName_703.png,2129
9802073370483916,C:\Users\Puppet Master\VSCODE\RoxyBarcodeGen\TargetFolder\TestName_704.png,2130
9802070113740503,C:\Users\Puppet Master\VSCODE\RoxyBarcodeGen\TargetFolder\TestName_705.png,2131
9802060088123926,C:\Users\Puppet Master\VSCODE\RoxyBarcodeGen\TargetFolder\TestName_706.png,2132
9802089135832916,C:\Users\Puppet Master\VSCODE\RoxyBarcodeGen\TargetFolder\TestName_707.png,2133
9802095535129951,C:\Users\Puppet Master\VSCODE\RoxyBarcodeGen\TargetFolder\TestName_708.png,2134
9802080900855356,C:\Users\Puppet Master\VSCODE\RoxyBarcodeGen\TargetFolder\TestName_709.png,2135
9802014297251267,C:\Users\Puppet Master\VSCODE\RoxyBarcodeGen\TargetFolder\TestName_710.png,2136
9802046681385855,C:\Users\Puppet Master\VSCODE\RoxyBarcodeGen\TargetFolder\TestName_711.png,2137
9802090396548316,C:\Users\Puppet Master\VSCODE\RoxyBarcodeGen\TargetFolder\TestName_712.png,2138
9802084174893473,C:\Users\Puppet Master\VSCODE\RoxyBarcodeGen\TargetFolder\TestName_713.png,2139
9802009871070489,C:\Users\Puppet Master\VSCODE\RoxyBarcodeGen\TargetFolder\TestName_714.png,2140
9802052563762831,C:\Users\Puppet Master\VSCODE\RoxyBarcodeGen\TargetFolder\TestName_715.png,2141
9802065596253065,C:\Users\Puppet Master\VSCODE\RoxyBarcodeGen\TargetFolder\TestName_716.png,2142
9802082808410045,C:\Users\Puppet Master\VSCODE\RoxyBarcodeGen\TargetFolder\TestName_717.png,2143
9802038307596007,C:\Users\Puppet Master\VSCODE\RoxyBarcodeGen\TargetFolder\TestName_718.png,2144
9802048420162454,C:\Users\Puppet Master\VSCODE\RoxyBarcodeGen\TargetFolder\TestName_719.png,2145
9802094249284756,C:\Users\Puppet Master\VSCODE\RoxyBarcodeGen\TargetFolder\TestName_720.png,2146
9802002338772656,C:\Users\Puppet Master\VSCODE\RoxyBarcodeGen\TargetFolder\TestName_721.png,2147
9802076904110806,C:\Users\Puppet Master\VSCODE\RoxyBarcodeGen\TargetFolder\TestName_722.png,2148
9802085523816214,C:\Users\Puppet Master\VSCODE\RoxyBarcodeGen\TargetFolder\TestName_723.png,2149
9802023832308953,C:\Users\Puppet Master\VSCODE\RoxyBarcodeGen\TargetFolder\TestName_724.png,2150
9802022473504151,C:\Users\Puppet Master\VSCODE\RoxyBarcodeGen\TargetFolder\TestName_725.png,2151
9802007345603711,C:\Users\Puppet Master\VSCODE\RoxyBarcodeGen\TargetFolder\TestName_726.png,2152
9802057353612237,C:\Users\Puppet Master\VSCODE\RoxyBarcodeGen\TargetFolder\TestName_727.png,2153
9802018955819018,C:\Users\Puppet Master\VSCODE\RoxyBarcodeGen\TargetFolder\TestName_728.png,2154
9802010015371874,C:\Users\Puppet Master\VSCODE\RoxyBarcodeGen\TargetFolder\TestName_729.png,2155
9802092267214598,C:\Users\Puppet Master\VSCODE\RoxyBarcodeGen\TargetFolder\TestName_730.png,2156
9802040541886970,C:\Users\Puppet Master\VSCODE\RoxyBarcodeGen\TargetFolder\TestName_731.png,2157
9802024725512883,C:\Users\Puppet Master\VSCODE\RoxyBarcodeGen\TargetFolder\TestName_732.png,2158
9802046653643190,C:\Users\Puppet Master\VSCODE\RoxyBarcodeGen\TargetFolder\TestName_733.png,2159
9802038647472778,C:\Users\Puppet Master\VSCODE\RoxyBarcodeGen\TargetFolder\TestName_734.png,2160
9802093177625212,C:\Users\Puppet Master\VSCODE\RoxyBarcodeGen\TargetFolder\TestName_735.png,2161
9802076684619299,C:\Users\Puppet Master\VSCODE\RoxyBarcodeGen\TargetFolder\TestName_736.png,2162
9802084284384975,C:\Users\Puppet Master\VSCODE\RoxyBarcodeGen\TargetFolder\TestName_737.png,2163
9802046275634254,C:\Users\Puppet Master\VSCODE\RoxyBarcodeGen\TargetFolder\TestName_738.png,2164
9802088096421354,C:\Users\Puppet Master\VSCODE\RoxyBarcodeGen\TargetFolder\TestName_739.png,2165
9802073840023805,C:\Users\Puppet Master\VSCODE\RoxyBarcodeGen\TargetFolder\TestName_740.png,2166
9802054586063163,C:\Users\Puppet Master\VSCODE\RoxyBarcodeGen\TargetFolder\TestName_741.png,2167
9802054691642299,C:\Users\Puppet Master\VSCODE\RoxyBarcodeGen\TargetFolder\TestName_742.png,2168
9802016213478239,C:\Users\Puppet Master\VSCODE\RoxyBarcodeGen\TargetFolder\TestName_743.png,2169
9802082264757954,C:\Users\Puppet Master\VSCODE\RoxyBarcodeGen\TargetFolder\TestName_744.png,2170
9802079856101948,C:\Users\Puppet Master\VSCODE\RoxyBarcodeGen\TargetFolder\TestName_745.png,2171
9802017963325380,C:\Users\Puppet Master\VSCODE\RoxyBarcodeGen\TargetFolder\TestName_746.png,2172
9802070270140166,C:\Users\Puppet Master\VSCODE\RoxyBarcodeGen\TargetFolder\TestName_747.png,2173
9802081266638964,C:\Users\Puppet Master\VSCODE\RoxyBarcodeGen\TargetFolder\TestName_748.png,2174
9802088505881271,C:\Users\Puppet Master\VSCODE\RoxyBarcodeGen\TargetFolder\TestName_749.png,2175
9802015648201042,C:\Users\Puppet Master\VSCODE\RoxyBarcodeGen\TargetFolder\TestName_750.png,2176
9802032929032038,C:\Users\Puppet Master\VSCODE\RoxyBarcodeGen\TargetFolder\TestName_751.png,2177
9802087588099959,C:\Users\Puppet Master\VSCODE\RoxyBarcodeGen\TargetFolder\TestName_752.png,2178
9802012969881395,C:\Users\Puppet Master\VSCODE\RoxyBarcodeGen\TargetFolder\TestName_753.png,2179
9802060414202105,C:\Users\Puppet Master\VSCODE\RoxyBarcodeGen\TargetFolder\TestName_754.png,2180
9802006003295604,C:\Users\Puppet Master\VSCODE\RoxyBarcodeGen\TargetFolder\TestName_755.png,2181
9802079275082224,C:\Users\Puppet Master\VSCODE\RoxyBarcodeGen\TargetFolder\TestName_756.png,2182
9802011094760599,C:\Users\Puppet Master\VSCODE\RoxyBarcodeGen\TargetFolder\TestName_757.png,2183
9802070908837266,C:\Users\Puppet Master\VSCODE\RoxyBarcodeGen\TargetFolder\TestName_758.png,2184
9802027824523420,C:\Users\Puppet Master\VSCODE\RoxyBarcodeGen\TargetFolder\TestName_759.png,2185
9802018796160002,C:\Users\Puppet Master\VSCODE\RoxyBarcodeGen\TargetFolder\TestName_760.png,2186
9802065248321617,C:\Users\Puppet Master\VSCODE\RoxyBarcodeGen\TargetFolder\TestName_761.png,2187
9802060959958582,C:\Users\Puppet Master\VSCODE\RoxyBarcodeGen\TargetFolder\TestName_762.png,2188
9802049149242197,C:\Users\Puppet Master\VSCODE\RoxyBarcodeGen\TargetFolder\TestName_763.png,2189
9802037279009403,C:\Users\Puppet Master\VSCODE\RoxyBarcodeGen\TargetFolder\TestName_764.png,2190
9802023824188801,C:\Users\Puppet Master\VSCODE\RoxyBarcodeGen\TargetFolder\TestName_765.png,2191
9802014070106225,C:\Users\Puppet Master\VSCODE\RoxyBarcodeGen\TargetFolder\TestName_766.png,2192
9802013148756995,C:\Users\Puppet Master\VSCODE\RoxyBarcodeGen\TargetFolder\TestName_767.png,2193
9802005626554157,C:\Users\Puppet Master\VSCODE\RoxyBarcodeGen\TargetFolder\TestName_768.png,2194
9802088255095577,C:\Users\Puppet Master\VSCODE\RoxyBarcodeGen\TargetFolder\TestName_769.png,2195
9802052239226542,C:\Users\Puppet Master\VSCODE\RoxyBarcodeGen\TargetFolder\TestName_770.png,2196
9802058843693126,C:\Users\Puppet Master\VSCODE\RoxyBarcodeGen\TargetFolder\TestName_771.png,2197
9802085446309040,C:\Users\Puppet Master\VSCODE\RoxyBarcodeGen\TargetFolder\TestName_772.png,2198
9802067098288615,C:\Users\Puppet Master\VSCODE\RoxyBarcodeGen\TargetFolder\TestName_773.png,2199
9802095554711002,C:\Users\Puppet Master\VSCODE\RoxyBarcodeGen\TargetFolder\TestName_774.png,2200
9802077446623017,C:\Users\Puppet Master\VSCODE\RoxyBarcodeGen\TargetFolder\TestName_775.png,2201
9802069986899842,C:\Users\Puppet Master\VSCODE\RoxyBarcodeGen\TargetFolder\TestName_776.png,2202
9802014743406713,C:\Users\Puppet Master\VSCODE\RoxyBarcodeGen\TargetFolder\TestName_777.png,2203
9802082036119418,C:\Users\Puppet Master\VSCODE\RoxyBarcodeGen\TargetFolder\TestName_778.png,2204
9802010535391659,C:\Users\Puppet Master\VSCODE\RoxyBarcodeGen\TargetFolder\TestName_779.png,2205
9802067788065307,C:\Users\Puppet Master\VSCODE\RoxyBarcodeGen\TargetFolder\TestName_780.png,2206
9802050874330561,C:\Users\Puppet Master\VSCODE\RoxyBarcodeGen\TargetFolder\TestName_781.png,2207
9802064406804639,C:\Users\Puppet Master\VSCODE\RoxyBarcodeGen\TargetFolder\TestName_782.png,2208
9802092686607976,C:\Users\Puppet Master\VSCODE\RoxyBarcodeGen\TargetFolder\TestName_783.png,2209
9802074110576753,C:\Users\Puppet Master\VSCODE\RoxyBarcodeGen\TargetFolder\TestName_784.png,2210
9802090014961487,C:\Users\Puppet Master\VSCODE\RoxyBarcodeGen\TargetFolder\TestName_785.png,2211
9802057682568100,C:\Users\Puppet Master\VSCODE\RoxyBarcodeGen\TargetFolder\TestName_786.png,2212
9802000470514563,C:\Users\Puppet Master\VSCODE\RoxyBarcodeGen\TargetFolder\TestName_787.png,2213
9802011940273086,C:\Users\Puppet Master\VSCODE\RoxyBarcodeGen\TargetFolder\TestName_788.png,2214
9802058243212378,C:\Users\Puppet Master\VSCODE\RoxyBarcodeGen\TargetFolder\TestName_789.png,2215
9802007867631835,C:\Users\Puppet Master\VSCODE\RoxyBarcodeGen\TargetFolder\TestName_790.png,2216
9802084769049333,C:\Users\Puppet Master\VSCODE\RoxyBarcodeGen\TargetFolder\TestName_791.png,2217
9802033730041044,C:\Users\Puppet Master\VSCODE\RoxyBarcodeGen\TargetFolder\TestName_792.png,2218
9802018802044844,C:\Users\Puppet Master\VSCODE\RoxyBarcodeGen\TargetFolder\TestName_793.png,2219
9802017775247194,C:\Users\Puppet Master\VSCODE\RoxyBarcodeGen\TargetFolder\TestName_794.png,2220
9802062152656005,C:\Users\Puppet Master\VSCODE\RoxyBarcodeGen\TargetFolder\TestName_795.png,2221
9802099991546898,C:\Users\Puppet Master\VSCODE\RoxyBarcodeGen\TargetFolder\TestName_796.png,2222
9802090039122255,C:\Users\Puppet Master\VSCODE\RoxyBarcodeGen\TargetFolder\TestName_797.png,2223
9802093959534178,C:\Users\Puppet Master\VSCODE\RoxyBarcodeGen\TargetFolder\TestName_798.png,2224
9802088674403758,C:\Users\Puppet Master\VSCODE\RoxyBarcodeGen\TargetFolder\TestName_799.png,2225
9802086015308132,C:\Users\Puppet Master\VSCODE\RoxyBarcodeGen\TargetFolder\TestName_800.png,2226
9802012898386615,C:\Users\Puppet Master\VSCODE\RoxyBarcodeGen\TargetFolder\TestName_801.png,2227
9802001848194641,C:\Users\Puppet Master\VSCODE\RoxyBarcodeGen\TargetFolder\TestName_802.png,2228
9802022537712931,C:\Users\Puppet Master\VSCODE\RoxyBarcodeGen\TargetFolder\TestName_803.png,2229
9802011555814331,C:\Users\Puppet Master\VSCODE\RoxyBarcodeGen\TargetFolder\TestName_804.png,2230
9802083289566644,C:\Users\Puppet Master\VSCODE\RoxyBarcodeGen\TargetFolder\TestName_805.png,2231
9802095264737693,C:\Users\Puppet Master\VSCODE\RoxyBarcodeGen\TargetFolder\TestName_806.png,2232
9802049746687653,C:\Users\Puppet Master\VSCODE\RoxyBarcodeGen\TargetFolder\TestName_807.png,2233
9802009541767852,C:\Users\Puppet Master\VSCODE\RoxyBarcodeGen\TargetFolder\TestName_808.png,2234
9802058018188415,C:\Users\Puppet Master\VSCODE\RoxyBarcodeGen\TargetFolder\TestName_809.png,2235
9802077612215739,C:\Users\Puppet Master\VSCODE\RoxyBarcodeGen\TargetFolder\TestName_810.png,2236
9802009803148668,C:\Users\Puppet Master\VSCODE\RoxyBarcodeGen\TargetFolder\TestName_811.png,2237
9802014998120142,C:\Users\Puppet Master\VSCODE\RoxyBarcodeGen\TargetFolder\TestName_812.png,2238
9802050822578238,C:\Users\Puppet Master\VSCODE\RoxyBarcodeGen\TargetFolder\TestName_813.png,2239
9802043590206389,C:\Users\Puppet Master\VSCODE\RoxyBarcodeGen\TargetFolder\TestName_814.png,2240
9802027243446898,C:\Users\Puppet Master\VSCODE\RoxyBarcodeGen\TargetFolder\TestName_815.png,2241
9802041224892855,C:\Users\Puppet Master\VSCODE\RoxyBarcodeGen\TargetFolder\TestName_816.png,2242
9802065943072606,C:\Users\Puppet Master\VSCODE\RoxyBarcodeGen\TargetFolder\TestName_817.png,2243
9802045630655046,C:\Users\Puppet Master\VSCODE\RoxyBarcodeGen\TargetFolder\TestName_818.png,2244
9802056555597873,C:\Users\Puppet Master\VSCODE\RoxyBarcodeGen\TargetFolder\TestName_819.png,2245
9802071810615626,C:\Users\Puppet Master\VSCODE\RoxyBarcodeGen\TargetFolder\TestName_820.png,2246
9802053730712725,C:\Users\Puppet Master\VSCODE\RoxyBarcodeGen\TargetFolder\TestName_821.png,2247
9802022488779566,C:\Users\Puppet Master\VSCODE\RoxyBarcodeGen\TargetFolder\TestName_822.png,2248
9802090504676546,C:\Users\Puppet Master\VSCODE\RoxyBarcodeGen\TargetFolder\TestName_823.png,2249
9802029160460944,C:\Users\Puppet Master\VSCODE\RoxyBarcodeGen\TargetFolder\TestName_824.png,2250
9802092089956038,C:\Users\Puppet Master\VSCODE\RoxyBarcodeGen\TargetFolder\TestName_825.png,2251
9802050982657103,C:\Users\Puppet Master\VSCODE\RoxyBarcodeGen\TargetFolder\TestName_826.png,2252
9802085866036651,C:\Users\Puppet Master\VSCODE\RoxyBarcodeGen\TargetFolder\TestName_827.png,2253
9802094624805217,C:\Users\Puppet Master\VSCODE\RoxyBarcodeGen\TargetFolder\TestName_828.png,2254
9802000290683366,C:\Users\Puppet Master\VSCODE\RoxyBarcodeGen\TargetFolder\TestName_829.png,2255
9802035483841322,C:\Users\Puppet Master\VSCODE\RoxyBarcodeGen\TargetFolder\TestName_830.png,2256
9802049666636268,C:\Users\Puppet Master\VSCODE\RoxyBarcodeGen\TargetFolder\TestName_831.png,2257
9802052037110351,C:\Users\Puppet Master\VSCODE\RoxyBarcodeGen\TargetFolder\TestName_832.png,2258
9802039680436621,C:\Users\Puppet Master\VSCODE\RoxyBarcodeGen\TargetFolder\TestName_833.png,2259
9802099438632525,C:\Users\Puppet Master\VSCODE\RoxyBarcodeGen\TargetFolder\TestName_834.png,2260
9802085774040274,C:\Users\Puppet Master\VSCODE\RoxyBarcodeGen\TargetFolder\TestName_835.png,2261
9802086149245994,C:\Users\Puppet Master\VSCODE\RoxyBarcodeGen\TargetFolder\TestName_836.png,2262
9802062370391070,C:\Users\Puppet Master\VSCODE\RoxyBarcodeGen\TargetFolder\TestName_837.png,2263
9802087674747909,C:\Users\Puppet Master\VSCODE\RoxyBarcodeGen\TargetFolder\TestName_838.png,2264
9802009688776641,C:\Users\Puppet Master\VSCODE\RoxyBarcodeGen\TargetFolder\TestName_839.png,2265
9802002873200626,C:\Users\Puppet Master\VSCODE\RoxyBarcodeGen\TargetFolder\TestName_840.png,2266
9802063026120426,C:\Users\Puppet Master\VSCODE\RoxyBarcodeGen\TargetFolder\TestName_841.png,2267
9802020217301363,C:\Users\Puppet Master\VSCODE\RoxyBarcodeGen\TargetFolder\TestName_842.png,2268
9802086034348572,C:\Users\Puppet Master\VSCODE\RoxyBarcodeGen\TargetFolder\TestName_843.png,2269
9802085968197146,C:\Users\Puppet Master\VSCODE\RoxyBarcodeGen\TargetFolder\TestName_844.png,2270
9802031177487407,C:\Users\Puppet Master\VSCODE\RoxyBarcodeGen\TargetFolder\TestName_845.png,2271
9802000878623495,C:\Users\Puppet Master\VSCODE\RoxyBarcodeGen\TargetFolder\TestName_846.png,2272
9802036580074742,C:\Users\Puppet Master\VSCODE\RoxyBarcodeGen\TargetFolder\TestName_847.png,2273
9802051888326025,C:\Users\Puppet Master\VSCODE\RoxyBarcodeGen\TargetFolder\TestName_848.png,2274
9802093278414938,C:\Users\Puppet Master\VSCODE\RoxyBarcodeGen\TargetFolder\TestName_849.png,2275
9802025411376467,C:\Users\Puppet Master\VSCODE\RoxyBarcodeGen\TargetFolder\TestName_850.png,2276
9802092539820594,C:\Users\Puppet Master\VSCODE\RoxyBarcodeGen\TargetFolder\TestName_851.png,2277
9802083392060113,C:\Users\Puppet Master\VSCODE\RoxyBarcodeGen\TargetFolder\TestName_852.png,2278
9802050230400983,C:\Users\Puppet Master\VSCODE\RoxyBarcodeGen\TargetFolder\TestName_853.png,2279
9802081369220736,C:\Users\Puppet Master\VSCODE\RoxyBarcodeGen\TargetFolder\TestName_854.png,2280
9802077052122395,C:\Users\Puppet Master\VSCODE\RoxyBarcodeGen\TargetFolder\TestName_855.png,2281
9802026206723947,C:\Users\Puppet Master\VSCODE\RoxyBarcodeGen\TargetFolder\TestName_856.png,2282
9802088949959329,C:\Users\Puppet Master\VSCODE\RoxyBarcodeGen\TargetFolder\TestName_857.png,2283
9802029799385595,C:\Users\Puppet Master\VSCODE\RoxyBarcodeGen\TargetFolder\TestName_858.png,2284
9802079511408332,C:\Users\Puppet Master\VSCODE\RoxyBarcodeGen\TargetFolder\TestName_859.png,2285
9802036957899747,C:\Users\Puppet Master\VSCODE\RoxyBarcodeGen\TargetFolder\TestName_860.png,2286
9802002590032211,C:\Users\Puppet Master\VSCODE\RoxyBarcodeGen\TargetFolder\TestName_861.png,2287
9802002110250657,C:\Users\Puppet Master\VSCODE\RoxyBarcodeGen\TargetFolder\TestName_862.png,2288
9802015456815727,C:\Users\Puppet Master\VSCODE\RoxyBarcodeGen\TargetFolder\TestName_863.png,2289
9802081776898256,C:\Users\Puppet Master\VSCODE\RoxyBarcodeGen\TargetFolder\TestName_864.png,2290
9802089242330499,C:\Users\Puppet Master\VSCODE\RoxyBarcodeGen\TargetFolder\TestName_865.png,2291
9802098553560479,C:\Users\Puppet Master\VSCODE\RoxyBarcodeGen\TargetFolder\TestName_866.png,2292
9802000935783100,C:\Users\Puppet Master\VSCODE\RoxyBarcodeGen\TargetFolder\TestName_867.png,2293
9802048243888608,C:\Users\Puppet Master\VSCODE\RoxyBarcodeGen\TargetFolder\TestName_868.png,2294
9802097799344599,C:\Users\Puppet Master\VSCODE\RoxyBarcodeGen\TargetFolder\TestName_869.png,2295
9802021161069170,C:\Users\Puppet Master\VSCODE\RoxyBarcodeGen\TargetFolder\TestName_870.png,2296
9802080629938012,C:\Users\Puppet Master\VSCODE\RoxyBarcodeGen\TargetFolder\TestName_871.png,2297
9802072459184742,C:\Users\Puppet Master\VSCODE\RoxyBarcodeGen\TargetFolder\TestName_872.png,2298
9802002433671167,C:\Users\Puppet Master\VSCODE\RoxyBarcodeGen\TargetFolder\TestName_873.png,2299
9802018709103818,C:\Users\Puppet Master\VSCODE\RoxyBarcodeGen\TargetFolder\TestName_874.png,2300
9802062019722107,C:\Users\Puppet Master\VSCODE\RoxyBarcodeGen\TargetFolder\TestName_875.png,2301
9802092105276411,C:\Users\Puppet Master\VSCODE\RoxyBarcodeGen\TargetFolder\TestName_876.png,2302
9802016852429790,C:\Users\Puppet Master\VSCODE\RoxyBarcodeGen\TargetFolder\TestName_877.png,2303
9802054748276653,C:\Users\Puppet Master\VSCODE\RoxyBarcodeGen\TargetFolder\TestName_878.png,2304
9802010708743462,C:\Users\Puppet Master\VSCODE\RoxyBarcodeGen\TargetFolder\TestName_879.png,2305
9802040527851519,C:\Users\Puppet Master\VSCODE\RoxyBarcodeGen\TargetFolder\TestName_880.png,2306
9802015264516558,C:\Users\Puppet Master\VSCODE\RoxyBarcodeGen\TargetFolder\TestName_881.png,2307
9802027963044014,C:\Users\Puppet Master\VSCODE\RoxyBarcodeGen\TargetFolder\TestName_882.png,2308
9802041388203667,C:\Users\Puppet Master\VSCODE\RoxyBarcodeGen\TargetFolder\TestName_883.png,2309
9802049450764920,C:\Users\Puppet Master\VSCODE\RoxyBarcodeGen\TargetFolder\TestName_884.png,2310
9802096775380932,C:\Users\Puppet Master\VSCODE\RoxyBarcodeGen\TargetFolder\TestName_885.png,2311
9802056071378543,C:\Users\Puppet Master\VSCODE\RoxyBarcodeGen\TargetFolder\TestName_886.png,2312
9802008538159818,C:\Users\Puppet Master\VSCODE\RoxyBarcodeGen\TargetFolder\TestName_887.png,2313
9802046683857042,C:\Users\Puppet Master\VSCODE\RoxyBarcodeGen\TargetFolder\TestName_888.png,2314
9802038050498146,C:\Users\Puppet Master\VSCODE\RoxyBarcodeGen\TargetFolder\TestName_889.png,2315
9802099602426035,C:\Users\Puppet Master\VSCODE\RoxyBarcodeGen\TargetFolder\TestName_890.png,2316
9802023277458065,C:\Users\Puppet Master\VSCODE\RoxyBarcodeGen\TargetFolder\TestName_891.png,2317
9802009131445729,C:\Users\Puppet Master\VSCODE\RoxyBarcodeGen\TargetFolder\TestName_892.png,2318
9802023784865810,C:\Users\Puppet Master\VSCODE\RoxyBarcodeGen\TargetFolder\TestName_893.png,2319
9802090202759271,C:\Users\Puppet Master\VSCODE\RoxyBarcodeGen\TargetFolder\TestName_894.png,2320
9802052171805477,C:\Users\Puppet Master\VSCODE\RoxyBarcodeGen\TargetFolder\TestName_895.png,2321
9802071133747569,C:\Users\Puppet Master\VSCODE\RoxyBarcodeGen\TargetFolder\TestName_896.png,2322
9802009872102588,C:\Users\Puppet Master\VSCODE\RoxyBarcodeGen\TargetFolder\TestName_897.png,2323
9802058913311179,C:\Users\Puppet Master\VSCODE\RoxyBarcodeGen\TargetFolder\TestName_898.png,2324
9802087325099841,C:\Users\Puppet Master\VSCODE\RoxyBarcodeGen\TargetFolder\TestName_899.png,2325
9802054846571682,C:\Users\Puppet Master\VSCODE\RoxyBarcodeGen\TargetFolder\TestName_900.png,2326
9802013103196757,C:\Users\Puppet Master\VSCODE\RoxyBarcodeGen\TargetFolder\TestName_901.png,2327
9802003879403693,C:\Users\Puppet Master\VSCODE\RoxyBarcodeGen\TargetFolder\TestName_902.png,2328
9802019617546411,C:\Users\Puppet Master\VSCODE\RoxyBarcodeGen\TargetFolder\TestName_903.png,2329
9802017845150279,C:\Users\Puppet Master\VSCODE\RoxyBarcodeGen\TargetFolder\TestName_904.png,2330
9802048561343053,C:\Users\Puppet Master\VSCODE\RoxyBarcodeGen\TargetFolder\TestName_905.png,2331
9802053146433254,C:\Users\Puppet Master\VSCODE\RoxyBarcodeGen\TargetFolder\TestName_906.png,2332
9802037358116053,C:\Users\Puppet Master\VSCODE\RoxyBarcodeGen\TargetFolder\TestName_907.png,2333
9802079371847355,C:\Users\Puppet Master\VSCODE\RoxyBarcodeGen\TargetFolder\TestName_908.png,2334
9802088287374792,C:\Users\Puppet Master\VSCODE\RoxyBarcodeGen\TargetFolder\TestName_909.png,2335
9802085456178699,C:\Users\Puppet Master\VSCODE\RoxyBarcodeGen\TargetFolder\TestName_910.png,2336
9802072163188419,C:\Users\Puppet Master\VSCODE\RoxyBarcodeGen\TargetFolder\TestName_911.png,2337
9802027440972258,C:\Users\Puppet Master\VSCODE\RoxyBarcodeGen\TargetFolder\TestName_912.png,2338
9802082799022189,C:\Users\Puppet Master\VSCODE\RoxyBarcodeGen\TargetFolder\TestName_913.png,2339
9802089806208107,C:\Users\Puppet Master\VSCODE\RoxyBarcodeGen\TargetFolder\TestName_914.png,2340
9802014554035221,C:\Users\Puppet Master\VSCODE\RoxyBarcodeGen\TargetFolder\TestName_915.png,2341
9802092404300805,C:\Users\Puppet Master\VSCODE\RoxyBarcodeGen\TargetFolder\TestName_916.png,2342
9802091277001565,C:\Users\Puppet Master\VSCODE\RoxyBarcodeGen\TargetFolder\TestName_917.png,2343
9802069841919462,C:\Users\Puppet Master\VSCODE\RoxyBarcodeGen\TargetFolder\TestName_918.png,2344
9802022135082935,C:\Users\Puppet Master\VSCODE\RoxyBarcodeGen\TargetFolder\TestName_919.png,2345
9802090595420887,C:\Users\Puppet Master\VSCODE\RoxyBarcodeGen\TargetFolder\TestName_920.png,2346
9802071108280786,C:\Users\Puppet Master\VSCODE\RoxyBarcodeGen\TargetFolder\TestName_921.png,2347
9802039559792286,C:\Users\Puppet Master\VSCODE\RoxyBarcodeGen\TargetFolder\TestName_922.png,2348
9802058744826080,C:\Users\Puppet Master\VSCODE\RoxyBarcodeGen\TargetFolder\TestName_923.png,2349
9802040422580106,C:\Users\Puppet Master\VSCODE\RoxyBarcodeGen\TargetFolder\TestName_924.png,2350
9802046208877897,C:\Users\Puppet Master\VSCODE\RoxyBarcodeGen\TargetFolder\TestName_925.png,2351
9802063675775215,C:\Users\Puppet Master\VSCODE\RoxyBarcodeGen\TargetFolder\TestName_926.png,2352
9802058208692499,C:\Users\Puppet Master\VSCODE\RoxyBarcodeGen\TargetFolder\TestName_927.png,2353
9802033303748702,C:\Users\Puppet Master\VSCODE\RoxyBarcodeGen\TargetFolder\TestName_928.png,2354
9802043619823990,C:\Users\Puppet Master\VSCODE\RoxyBarcodeGen\TargetFolder\TestName_929.png,2355
9802066579975039,C:\Users\Puppet Master\VSCODE\RoxyBarcodeGen\TargetFolder\TestName_930.png,2356
9802087532051239,C:\Users\Puppet Master\VSCODE\RoxyBarcodeGen\TargetFolder\TestName_931.png,2357
9802028002619741,C:\Users\Puppet Master\VSCODE\RoxyBarcodeGen\TargetFolder\TestName_932.png,2358
9802078574992208,C:\Users\Puppet Master\VSCODE\RoxyBarcodeGen\TargetFolder\TestName_933.png,2359
9802017291584476,C:\Users\Puppet Master\VSCODE\RoxyBarcodeGen\TargetFolder\TestName_934.png,2360
9802098226621039,C:\Users\Puppet Master\VSCODE\RoxyBarcodeGen\TargetFolder\TestName_935.png,2361
9802049938655161,C:\Users\Puppet Master\VSCODE\RoxyBarcodeGen\TargetFolder\TestName_936.png,2362
9802004585186762,C:\Users\Puppet Master\VSCODE\RoxyBarcodeGen\TargetFolder\TestName_937.png,2363
9802018551882741,C:\Users\Puppet Master\VSCODE\RoxyBarcodeGen\TargetFolder\TestName_938.png,2364
9802035259379192,C:\Users\Puppet Master\VSCODE\RoxyBarcodeGen\TargetFolder\TestName_939.png,2365
9802011538767820,C:\Users\Puppet Master\VSCODE\RoxyBarcodeGen\TargetFolder\TestName_940.png,2366
9802083696578000,C:\Users\Puppet Master\VSCODE\RoxyBarcodeGen\TargetFolder\TestName_941.png,2367
9802012130185999,C:\Users\Puppet Master\VSCODE\RoxyBarcodeGen\TargetFolder\TestName_942.png,2368
9802041210197707,C:\Users\Puppet Master\VSCODE\RoxyBarcodeGen\TargetFolder\TestName_943.png,2369
9802021560835205,C:\Users\Puppet Master\VSCODE\RoxyBarcodeGen\TargetFolder\TestName_944.png,2370
9802095088791892,C:\Users\Puppet Master\VSCODE\RoxyBarcodeGen\TargetFolder\TestName_945.png,2371
9802068069491766,C:\Users\Puppet Master\VSCODE\RoxyBarcodeGen\TargetFolder\TestName_946.png,2372
9802096162117772,C:\Users\Puppet Master\VSCODE\RoxyBarcodeGen\TargetFolder\TestName_947.png,2373
9802011396223833,C:\Users\Puppet Master\VSCODE\RoxyBarcodeGen\TargetFolder\TestName_948.png,2374
9802046461796958,C:\Users\Puppet Master\VSCODE\RoxyBarcodeGen\TargetFolder\TestName_949.png,2375
9802053780918065,C:\Users\Puppet Master\VSCODE\RoxyBarcodeGen\TargetFolder\TestName_950.png,2376
9802086275884434,C:\Users\Puppet Master\VSCODE\RoxyBarcodeGen\TargetFolder\TestName_951.png,2377
9802018199887631,C:\Users\Puppet Master\VSCODE\RoxyBarcodeGen\TargetFolder\TestName_952.png,2378
9802045327087610,C:\Users\Puppet Master\VSCODE\RoxyBarcodeGen\TargetFolder\TestName_953.png,2379
9802043922624846,C:\Users\Puppet Master\VSCODE\RoxyBarcodeGen\TargetFolder\TestName_954.png,2380
9802063874775149,C:\Users\Puppet Master\VSCODE\RoxyBarcodeGen\TargetFolder\TestName_955.png,2381
9802010407206084,C:\Users\Puppet Master\VSCODE\RoxyBarcodeGen\TargetFolder\TestName_956.png,2382
9802042776285738,C:\Users\Puppet Master\VSCODE\RoxyBarcodeGen\TargetFolder\TestName_957.png,2383
9802064376443012,C:\Users\Puppet Master\VSCODE\RoxyBarcodeGen\TargetFolder\TestName_958.png,2384
9802034266035418,C:\Users\Puppet Master\VSCODE\RoxyBarcodeGen\TargetFolder\TestName_959.png,2385
9802070302196806,C:\Users\Puppet Master\VSCODE\RoxyBarcodeGen\TargetFolder\TestName_960.png,2386
9802099429494877,C:\Users\Puppet Master\VSCODE\RoxyBarcodeGen\TargetFolder\TestName_961.png,2387
9802052816023189,C:\Users\Puppet Master\VSCODE\RoxyBarcodeGen\TargetFolder\TestName_962.png,2388
9802044998016420,C:\Users\Puppet Master\VSCODE\RoxyBarcodeGen\TargetFolder\TestName_963.png,2389
9802086348406413,C:\Users\Puppet Master\VSCODE\RoxyBarcodeGen\TargetFolder\TestName_964.png,2390
9802081310425293,C:\Users\Puppet Master\VSCODE\RoxyBarcodeGen\TargetFolder\TestName_965.png,2391
9802050426973876,C:\Users\Puppet Master\VSCODE\RoxyBarcodeGen\TargetFolder\TestName_966.png,2392
9802041056178084,C:\Users\Puppet Master\VSCODE\RoxyBarcodeGen\TargetFolder\TestName_967.png,2393
9802077438336321,C:\Users\Puppet Master\VSCODE\RoxyBarcodeGen\TargetFolder\TestName_968.png,2394
9802077627012147,C:\Users\Puppet Master\VSCODE\RoxyBarcodeGen\TargetFolder\TestName_969.png,2395
9802083476832114,C:\Users\Puppet Master\VSCODE\RoxyBarcodeGen\TargetFolder\TestName_970.png,2396
9802023270631072,C:\Users\Puppet Master\VSCODE\RoxyBarcodeGen\TargetFolder\TestName_971.png,2397
9802095477490098,C:\Users\Puppet Master\VSCODE\RoxyBarcodeGen\TargetFolder\TestName_972.png,2398
9802043963036108,C:\Users\Puppet Master\VSCODE\RoxyBarcodeGen\TargetFolder\TestName_973.png,2399
9802063197416967,C:\Users\Puppet Master\VSCODE\RoxyBarcodeGen\TargetFolder\TestName_974.png,2400
9802008863926831,C:\Users\Puppet Master\VSCODE\RoxyBarcodeGen\TargetFolder\TestName_975.png,2401
9802082803222775,C:\Users\Puppet Master\VSCODE\RoxyBarcodeGen\TargetFolder\TestName_976.png,2402
9802004121252268,C:\Users\Puppet Master\VSCODE\RoxyBarcodeGen\TargetFolder\TestName_977.png,2403
9802006129464878,C:\Users\Puppet Master\VSCODE\RoxyBarcodeGen\TargetFolder\TestName_978.png,2404
9802000137001756,C:\Users\Puppet Master\VSCODE\RoxyBarcodeGen\TargetFolder\TestName_979.png,2405
9802076852735190,C:\Users\Puppet Master\VSCODE\RoxyBarcodeGen\TargetFolder\TestName_980.png,2406
9802024802383323,C:\Users\Puppet Master\VSCODE\RoxyBarcodeGen\TargetFolder\TestName_981.png,2407
9802035430210431,C:\Users\Puppet Master\VSCODE\RoxyBarcodeGen\TargetFolder\TestName_982.png,2408
9802019582093423,C:\Users\Puppet Master\VSCODE\RoxyBarcodeGen\TargetFolder\TestName_983.png,2409
9802025044009667,C:\Users\Puppet Master\VSCODE\RoxyBarcodeGen\TargetFolder\TestName_984.png,2410
9802077128526207,C:\Users\Puppet Master\VSCODE\RoxyBarcodeGen\TargetFolder\TestName_985.png,2411
9802063163742941,C:\Users\Puppet Master\VSCODE\RoxyBarcodeGen\TargetFolder\TestName_986.png,2412
9802045476188938,C:\Users\Puppet Master\VSCODE\RoxyBarcodeGen\TargetFolder\TestName_987.png,2413
9802003719976098,C:\Users\Puppet Master\VSCODE\RoxyBarcodeGen\TargetFolder\TestName_988.png,2414
9802090598555622,C:\Users\Puppet Master\VSCODE\RoxyBarcodeGen\TargetFolder\TestName_989.png,2415
9802040989419920,C:\Users\Puppet Master\VSCODE\RoxyBarcodeGen\TargetFolder\TestName_990.png,2416
9802067785594002,C:\Users\Puppet Master\VSCODE\RoxyBarcodeGen\TargetFolder\TestName_991.png,2417
9802029902360261,C:\Users\Puppet Master\VSCODE\RoxyBarcodeGen\TargetFolder\TestName_992.png,2418
9802087572673645,C:\Users\Puppet Master\VSCODE\RoxyBarcodeGen\TargetFolder\TestName_993.png,2419
9802049453200823,C:\Users\Puppet Master\VSCODE\RoxyBarcodeGen\TargetFolder\TestName_994.png,2420
9802056916605258,C:\Users\Puppet Master\VSCODE\RoxyBarcodeGen\TargetFolder\TestName_995.png,2421
9802033540509867,C:\Users\Puppet Master\VSCODE\RoxyBarcodeGen\TargetFolder\TestName_996.png,2422
9802038389866989,C:\Users\Puppet Master\VSCODE\RoxyBarcodeGen\TargetFolder\TestName_997.png,2423
9802099975670714,C:\Users\Puppet Master\VSCODE\RoxyBarcodeGen\TargetFolder\TestName_998.png,2424
9802049976976735,C:\Users\Puppet Master\VSCODE\RoxyBarcodeGen\TargetFolder\TestName_999.png,2425
9802013373753477,C:\Users\Puppet Master\VSCODE\RoxyBarcodeGen\TargetFolder\TestName_1000.png,2426
